[{"model": "admin.logentry", "pk": 1, "fields": {"action_time": "2022-05-16T16:53:33.730Z", "user": 3, "content_type": 15, "object_id": "1", "object_repr": "NewsPaper", "action_flag": 1, "change_message": "[{\"added\": {}}]"}}, {"model": "admin.logentry", "pk": 2, "fields": {"action_time": "2022-05-16T18:38:06.551Z", "user": 3, "content_type": 14, "object_id": "1", "object_repr": "roman", "action_flag": 3, "change_message": ""}}, {"model": "admin.logentry", "pk": 3, "fields": {"action_time": "2022-05-16T18:38:17.233Z", "user": 3, "content_type": 15, "object_id": "1", "object_repr": "NewsPaper", "action_flag": 3, "change_message": ""}}, {"model": "admin.logentry", "pk": 4, "fields": {"action_time": "2022-05-16T18:38:48.621Z", "user": 3, "content_type": 12, "object_id": "1", "object_repr": "romabykov@gmail.com", "action_flag": 3, "change_message": ""}}, {"model": "admin.logentry", "pk": 5, "fields": {"action_time": "2022-05-16T19:05:44.630Z", "user": 3, "content_type": 17, "object_id": "1", "object_repr": "127.0.0.1", "action_flag": 2, "change_message": "[{\"changed\": {\"fields\": [\"Domain name\"]}}]"}}, {"model": "admin.logentry", "pk": 6, "fields": {"action_time": "2022-05-16T19:06:29.436Z", "user": 3, "content_type": 15, "object_id": "1", "object_repr": "NewsPaper", "action_flag": 1, "change_message": "[{\"added\": {}}]"}}, {"model": "admin.logentry", "pk": 7, "fields": {"action_time": "2022-05-16T19:10:27.946Z", "user": 3, "content_type": 4, "object_id": "5", "object_repr": "roman", "action_flag": 3, "change_message": ""}}, {"model": "admin.logentry", "pk": 8, "fields": {"action_time": "2022-05-16T20:40:06.720Z", "user": 3, "content_type": 3, "object_id": "1", "object_repr": "basic", "action_flag": 1, "change_message": "[{\"added\": {}}]"}}, {"model": "admin.logentry", "pk": 9, "fields": {"action_time": "2022-05-16T20:40:17.944Z", "user": 3, "content_type": 3, "object_id": "2", "object_repr": "premium", "action_flag": 1, "change_message": "[{\"added\": {}}]"}}, {"model": "admin.logentry", "pk": 10, "fields": {"action_time": "2022-05-16T20:42:21.221Z", "user": 3, "content_type": 4, "object_id": "4", "object_repr": "basic_user1", "action_flag": 2, "change_message": "[{\"changed\": {\"fields\": [\"Username\", \"First name\", \"Last name\", \"Email address\", \"Groups\"]}}]"}}, {"model": "admin.logentry", "pk": 11, "fields": {"action_time": "2022-05-16T20:44:38.605Z", "user": 3, "content_type": 4, "object_id": "7", "object_repr": "premium_user1", "action_flag": 1, "change_message": "[{\"added\": {}}]"}}, {"model": "admin.logentry", "pk": 12, "fields": {"action_time": "2022-05-16T20:45:09.626Z", "user": 3, "content_type": 4, "object_id": "7", "object_repr": "premium_user1", "action_flag": 2, "change_message": "[{\"changed\": {\"fields\": [\"First name\", \"Last name\", \"Email address\", \"Groups\"]}}]"}}, {"model": "admin.logentry", "pk": 13, "fields": {"action_time": "2022-05-16T20:46:50.543Z", "user": 3, "content_type": 3, "object_id": "3", "object_repr": "common", "action_flag": 1, "change_message": "[{\"added\": {}}]"}}, {"model": "admin.logentry", "pk": 14, "fields": {"action_time": "2022-05-16T20:46:55.345Z", "user": 3, "content_type": 3, "object_id": "4", "object_repr": "authors", "action_flag": 1, "change_message": "[{\"added\": {}}]"}}, {"model": "admin.logentry", "pk": 15, "fields": {"action_time": "2022-05-18T17:23:36.742Z", "user": 3, "content_type": 3, "object_id": "4", "object_repr": "authors", "action_flag": 2, "change_message": "[{\"changed\": {\"fields\": [\"Permissions\"]}}]"}}, {"model": "admin.logentry", "pk": 16, "fields": {"action_time": "2022-05-18T17:44:44.386Z", "user": 3, "content_type": 3, "object_id": "3", "object_repr": "common", "action_flag": 2, "change_message": "[{\"changed\": {\"fields\": [\"Permissions\"]}}]"}}, {"model": "admin.logentry", "pk": 17, "fields": {"action_time": "2022-05-18T18:06:39.903Z", "user": 3, "content_type": 4, "object_id": "4", "object_repr": "basic_user1", "action_flag": 2, "change_message": "[{\"changed\": {\"fields\": [\"Groups\"]}}]"}}, {"model": "admin.logentry", "pk": 18, "fields": {"action_time": "2022-05-18T18:18:40.047Z", "user": 3, "content_type": 4, "object_id": "4", "object_repr": "basic_user1", "action_flag": 3, "change_message": ""}}, {"model": "admin.logentry", "pk": 19, "fields": {"action_time": "2022-05-18T18:18:40.055Z", "user": 3, "content_type": 4, "object_id": "9", "object_repr": "basic_user2", "action_flag": 3, "change_message": ""}}, {"model": "admin.logentry", "pk": 20, "fields": {"action_time": "2022-05-18T18:18:40.061Z", "user": 3, "content_type": 4, "object_id": "8", "object_repr": "newuser2", "action_flag": 3, "change_message": ""}}, {"model": "admin.logentry", "pk": 21, "fields": {"action_time": "2022-05-18T18:18:40.065Z", "user": 3, "content_type": 4, "object_id": "7", "object_repr": "premium_user1", "action_flag": 3, "change_message": ""}}, {"model": "admin.logentry", "pk": 22, "fields": {"action_time": "2022-05-18T18:19:16.817Z", "user": 3, "content_type": 4, "object_id": "10", "object_repr": "common_user_1", "action_flag": 1, "change_message": "[{\"added\": {}}]"}}, {"model": "admin.logentry", "pk": 23, "fields": {"action_time": "2022-05-18T18:19:36.746Z", "user": 3, "content_type": 4, "object_id": "11", "object_repr": "common_user_2", "action_flag": 1, "change_message": "[{\"added\": {}}]"}}, {"model": "admin.logentry", "pk": 24, "fields": {"action_time": "2022-05-18T18:20:13.159Z", "user": 3, "content_type": 4, "object_id": "12", "object_repr": "author_user_1", "action_flag": 1, "change_message": "[{\"added\": {}}]"}}, {"model": "admin.logentry", "pk": 25, "fields": {"action_time": "2022-05-18T18:20:29.873Z", "user": 3, "content_type": 4, "object_id": "13", "object_repr": "author_user_2", "action_flag": 1, "change_message": "[{\"added\": {}}]"}}, {"model": "admin.logentry", "pk": 26, "fields": {"action_time": "2022-05-18T18:20:59.923Z", "user": 3, "content_type": 3, "object_id": "1", "object_repr": "basic", "action_flag": 3, "change_message": ""}}, {"model": "admin.logentry", "pk": 27, "fields": {"action_time": "2022-05-18T18:20:59.936Z", "user": 3, "content_type": 3, "object_id": "2", "object_repr": "premium", "action_flag": 3, "change_message": ""}}, {"model": "admin.logentry", "pk": 28, "fields": {"action_time": "2022-05-18T18:22:20.685Z", "user": 3, "content_type": 4, "object_id": "12", "object_repr": "author_user_1", "action_flag": 2, "change_message": "[{\"changed\": {\"fields\": [\"Groups\"]}}]"}}, {"model": "admin.logentry", "pk": 29, "fields": {"action_time": "2022-05-18T18:22:29.523Z", "user": 3, "content_type": 4, "object_id": "13", "object_repr": "author_user_2", "action_flag": 2, "change_message": "[{\"changed\": {\"fields\": [\"Groups\"]}}]"}}, {"model": "admin.logentry", "pk": 30, "fields": {"action_time": "2022-05-18T18:22:35.240Z", "user": 3, "content_type": 4, "object_id": "10", "object_repr": "common_user_1", "action_flag": 2, "change_message": "[{\"changed\": {\"fields\": [\"Groups\"]}}]"}}, {"model": "admin.logentry", "pk": 31, "fields": {"action_time": "2022-05-18T18:22:40.404Z", "user": 3, "content_type": 4, "object_id": "11", "object_repr": "common_user_2", "action_flag": 2, "change_message": "[{\"changed\": {\"fields\": [\"Groups\"]}}]"}}, {"model": "admin.logentry", "pk": 32, "fields": {"action_time": "2022-05-18T18:23:16.686Z", "user": 3, "content_type": 4, "object_id": "12", "object_repr": "author_user_1", "action_flag": 2, "change_message": "[{\"changed\": {\"fields\": [\"Email address\"]}}]"}}, {"model": "admin.logentry", "pk": 33, "fields": {"action_time": "2022-05-18T18:23:30.567Z", "user": 3, "content_type": 4, "object_id": "13", "object_repr": "author_user_2", "action_flag": 2, "change_message": "[{\"changed\": {\"fields\": [\"Email address\"]}}]"}}, {"model": "admin.logentry", "pk": 34, "fields": {"action_time": "2022-05-18T18:23:48.440Z", "user": 3, "content_type": 4, "object_id": "10", "object_repr": "common_user_1", "action_flag": 2, "change_message": "[{\"changed\": {\"fields\": [\"Email address\"]}}]"}}, {"model": "admin.logentry", "pk": 35, "fields": {"action_time": "2022-05-18T18:24:02.237Z", "user": 3, "content_type": 4, "object_id": "11", "object_repr": "common_user_2", "action_flag": 2, "change_message": "[{\"changed\": {\"fields\": [\"Email address\"]}}]"}}, {"model": "admin.logentry", "pk": 36, "fields": {"action_time": "2022-05-18T18:48:37.077Z", "user": 3, "content_type": 4, "object_id": "14", "object_repr": "common_user_3", "action_flag": 2, "change_message": "[{\"changed\": {\"fields\": [\"Groups\"]}}]"}}, {"model": "admin.logentry", "pk": 37, "fields": {"action_time": "2022-05-18T19:50:23.283Z", "user": 3, "content_type": 7, "object_id": "3", "object_repr": "common_user_3, rating = 0", "action_flag": 3, "change_message": ""}}, {"model": "admin.logentry", "pk": 38, "fields": {"action_time": "2022-05-18T19:50:40.541Z", "user": 3, "content_type": 4, "object_id": "14", "object_repr": "common_user_3", "action_flag": 2, "change_message": "[{\"changed\": {\"fields\": [\"Groups\"]}}]"}}, {"model": "admin.logentry", "pk": 39, "fields": {"action_time": "2022-05-18T20:11:53.601Z", "user": 3, "content_type": 7, "object_id": "4", "object_repr": "common_user_3, rating = 0", "action_flag": 3, "change_message": ""}}, {"model": "admin.logentry", "pk": 40, "fields": {"action_time": "2022-05-18T20:13:42.663Z", "user": 3, "content_type": 4, "object_id": "14", "object_repr": "common_user_3", "action_flag": 2, "change_message": "[{\"changed\": {\"fields\": [\"Groups\"]}}]"}}, {"model": "admin.logentry", "pk": 41, "fields": {"action_time": "2022-05-25T16:48:47.656Z", "user": 3, "content_type": 18, "object_id": "1", "object_repr": "romab <-> Sport", "action_flag": 3, "change_message": ""}}, {"model": "admin.logentry", "pk": 42, "fields": {"action_time": "2022-05-26T19:14:10.908Z", "user": 3, "content_type": 4, "object_id": "3", "object_repr": "romab", "action_flag": 2, "change_message": "[{\"changed\": {\"fields\": [\"Email address\"]}}]"}}, {"model": "admin.logentry", "pk": 43, "fields": {"action_time": "2022-05-26T19:39:13.057Z", "user": 3, "content_type": 18, "object_id": "2", "object_repr": "roman <-> Sport", "action_flag": 1, "change_message": "[{\"added\": {}}]"}}, {"model": "admin.logentry", "pk": 44, "fields": {"action_time": "2022-05-26T19:39:20.050Z", "user": 3, "content_type": 18, "object_id": "3", "object_repr": "roman <-> Auto", "action_flag": 1, "change_message": "[{\"added\": {}}]"}}, {"model": "admin.logentry", "pk": 45, "fields": {"action_time": "2022-05-26T21:01:26.787Z", "user": 3, "content_type": 18, "object_id": "4", "object_repr": "roman <-> Art", "action_flag": 1, "change_message": "[{\"added\": {}}]"}}, {"model": "admin.logentry", "pk": 46, "fields": {"action_time": "2022-05-26T21:01:31.733Z", "user": 3, "content_type": 18, "object_id": "5", "object_repr": "romab <-> Art", "action_flag": 1, "change_message": "[{\"added\": {}}]"}}, {"model": "admin.logentry", "pk": 47, "fields": {"action_time": "2022-05-27T14:35:28.837Z", "user": 3, "content_type": 19, "object_id": "1", "object_repr": "romab <-> John Doe", "action_flag": 1, "change_message": "[{\"added\": {}}]"}}, {"model": "admin.logentry", "pk": 48, "fields": {"action_time": "2022-05-27T14:35:40.174Z", "user": 3, "content_type": 19, "object_id": "2", "object_repr": "romab <-> John Doe", "action_flag": 1, "change_message": "[{\"added\": {}}]"}}, {"model": "admin.logentry", "pk": 49, "fields": {"action_time": "2022-05-27T14:35:49.036Z", "user": 3, "content_type": 19, "object_id": "1", "object_repr": "romab <-> John Doe", "action_flag": 3, "change_message": ""}}, {"model": "admin.logentry", "pk": 50, "fields": {"action_time": "2022-05-27T14:37:15.319Z", "user": 3, "content_type": 19, "object_id": "3", "object_repr": "romab <-> Bill Smith", "action_flag": 1, "change_message": "[{\"added\": {}}]"}}, {"model": "admin.logentry", "pk": 51, "fields": {"action_time": "2022-05-27T14:37:23.697Z", "user": 3, "content_type": 19, "object_id": "4", "object_repr": "Bill Smith <-> John Doe", "action_flag": 1, "change_message": "[{\"added\": {}}]"}}, {"model": "admin.logentry", "pk": 52, "fields": {"action_time": "2022-05-27T14:37:31.950Z", "user": 3, "content_type": 19, "object_id": "5", "object_repr": "roman <-> Bill Smith", "action_flag": 1, "change_message": "[{\"added\": {}}]"}}, {"model": "admin.logentry", "pk": 53, "fields": {"action_time": "2022-05-27T20:16:52.678Z", "user": 3, "content_type": 12, "object_id": "5", "object_repr": "common_user_3@user.user", "action_flag": 3, "change_message": ""}}, {"model": "admin.logentry", "pk": 54, "fields": {"action_time": "2022-05-28T21:51:18.991Z", "user": 3, "content_type": 19, "object_id": "4", "object_repr": "Bill Smith <-> John Doe", "action_flag": 3, "change_message": ""}}, {"model": "admin.logentry", "pk": 55, "fields": {"action_time": "2022-05-28T21:51:19.000Z", "user": 3, "content_type": 19, "object_id": "3", "object_repr": "romab <-> Bill Smith", "action_flag": 3, "change_message": ""}}, {"model": "admin.logentry", "pk": 56, "fields": {"action_time": "2022-05-28T21:51:19.006Z", "user": 3, "content_type": 19, "object_id": "2", "object_repr": "romab <-> John Doe", "action_flag": 3, "change_message": ""}}, {"model": "admin.logentry", "pk": 57, "fields": {"action_time": "2022-05-28T22:09:43.849Z", "user": 3, "content_type": 19, "object_id": "6", "object_repr": "romab <-> John Doe", "action_flag": 3, "change_message": ""}}, {"model": "admin.logentry", "pk": 58, "fields": {"action_time": "2022-05-28T22:33:24.517Z", "user": 3, "content_type": 12, "object_id": "6", "object_repr": "roma-bykov@rambler.ru", "action_flag": 2, "change_message": "[{\"changed\": {\"fields\": [\"Verified\"]}}]"}}, {"model": "admin.logentry", "pk": 59, "fields": {"action_time": "2022-05-28T22:36:00.715Z", "user": 3, "content_type": 4, "object_id": "6", "object_repr": "roman", "action_flag": 2, "change_message": "[{\"changed\": {\"fields\": [\"Staff status\"]}}]"}}, {"model": "admin.logentry", "pk": 60, "fields": {"action_time": "2022-05-28T22:42:50.401Z", "user": 3, "content_type": 12, "object_id": "6", "object_repr": "roma-bykov@rambler.ru", "action_flag": 2, "change_message": "[{\"changed\": {\"fields\": [\"Verified\"]}}]"}}, {"model": "admin.logentry", "pk": 61, "fields": {"action_time": "2022-05-29T22:19:27.498Z", "user": 3, "content_type": 7, "object_id": "3", "object_repr": "romab, rating = 0", "action_flag": 3, "change_message": ""}}, {"model": "admin.logentry", "pk": 62, "fields": {"action_time": "2022-05-29T22:24:24.737Z", "user": 3, "content_type": 7, "object_id": "4", "object_repr": "romab, rating = 0", "action_flag": 3, "change_message": ""}}, {"model": "admin.logentry", "pk": 63, "fields": {"action_time": "2022-05-29T22:24:39.565Z", "user": 3, "content_type": 4, "object_id": "3", "object_repr": "romab", "action_flag": 2, "change_message": "[{\"changed\": {\"fields\": [\"Groups\"]}}]"}}, {"model": "admin.logentry", "pk": 64, "fields": {"action_time": "2022-05-29T22:31:04.649Z", "user": 3, "content_type": 19, "object_id": "12", "object_repr": "romab <-> romab", "action_flag": 3, "change_message": ""}}, {"model": "admin.logentry", "pk": 65, "fields": {"action_time": "2022-05-30T17:11:04.573Z", "user": 3, "content_type": 10, "object_id": "47", "object_repr": "Art <-> '2222222222' by John Doe,\n                           published on: 30/05/2022, 16:45,\n                           the rating of this post is 0\nPreview: 22222222222222222222222222222222222222222", "action_flag": 3, "change_message": ""}}, {"model": "admin.logentry", "pk": 66, "fields": {"action_time": "2022-05-30T17:11:04.580Z", "user": 3, "content_type": 10, "object_id": "46", "object_repr": "Auto <-> '2222222222' by John Doe,\n                           published on: 30/05/2022, 16:45,\n                           the rating of this post is 0\nPreview: 2222222222222222222222222222222222222222", "action_flag": 3, "change_message": ""}}, {"model": "admin.logentry", "pk": 67, "fields": {"action_time": "2022-05-30T17:11:04.586Z", "user": 3, "content_type": 10, "object_id": "45", "object_repr": "Politics <-> '2222222222' by John Doe,\n                           published on: 30/05/2022, 16:45,\n                           the rating of this post is 0\nPreview: 222222222222222222222222222222222222", "action_flag": 3, "change_message": ""}}, {"model": "admin.logentry", "pk": 68, "fields": {"action_time": "2022-05-30T17:11:04.594Z", "user": 3, "content_type": 10, "object_id": "44", "object_repr": "Sport <-> '2222222222' by John Doe,\n                           published on: 30/05/2022, 16:45,\n                           the rating of this post is 0\nPreview: 222222222222222222222222222222222222222", "action_flag": 3, "change_message": ""}}, {"model": "admin.logentry", "pk": 69, "fields": {"action_time": "2022-05-30T17:11:04.601Z", "user": 3, "content_type": 10, "object_id": "43", "object_repr": "Auto <-> '11111111111' by John Doe,\n                           published on: 30/05/2022, 16:40,\n                           the rating of this post is 0\nPreview: 111111111111111111111111111111111111111", "action_flag": 3, "change_message": ""}}, {"model": "admin.logentry", "pk": 70, "fields": {"action_time": "2022-05-30T17:11:04.609Z", "user": 3, "content_type": 10, "object_id": "42", "object_repr": "Politics <-> '11111111111' by John Doe,\n                           published on: 30/05/2022, 16:40,\n                           the rating of this post is 0\nPreview: 11111111111111111111111111111111111", "action_flag": 3, "change_message": ""}}, {"model": "admin.logentry", "pk": 71, "fields": {"action_time": "2022-05-30T17:11:04.617Z", "user": 3, "content_type": 10, "object_id": "41", "object_repr": "Sport <-> '11111111111' by John Doe,\n                           published on: 30/05/2022, 16:40,\n                           the rating of this post is 0\nPreview: 11111111111111111111111111111111111111", "action_flag": 3, "change_message": ""}}, {"model": "admin.logentry", "pk": 72, "fields": {"action_time": "2022-05-30T17:11:04.624Z", "user": 3, "content_type": 10, "object_id": "40", "object_repr": "Auto <-> 'another motherfucker' by John Doe,\n                           published on: 30/05/2022, 16:40,\n                           the rating of this post is 0\nPreview: another motherfucker another m", "action_flag": 3, "change_message": ""}}, {"model": "admin.logentry", "pk": 73, "fields": {"action_time": "2022-05-30T17:11:04.628Z", "user": 3, "content_type": 10, "object_id": "39", "object_repr": "Politics <-> 'another motherfucker' by John Doe,\n                           published on: 30/05/2022, 16:40,\n                           the rating of this post is 0\nPreview: another motherfucker anoth", "action_flag": 3, "change_message": ""}}, {"model": "admin.logentry", "pk": 74, "fields": {"action_time": "2022-05-30T17:11:04.635Z", "user": 3, "content_type": 10, "object_id": "38", "object_repr": "Sport <-> 'another motherfucker' by John Doe,\n                           published on: 30/05/2022, 16:40,\n                           the rating of this post is 0\nPreview: another motherfucker another ", "action_flag": 3, "change_message": ""}}, {"model": "admin.logentry", "pk": 75, "fields": {"action_time": "2022-05-30T17:11:04.639Z", "user": 3, "content_type": 10, "object_id": "37", "object_repr": "Art <-> 'motherfucker' by John Doe,\n                           published on: 30/05/2022, 16:36,\n                           the rating of this post is 0\nPreview: motherfucker motherfucker motherfucker ", "action_flag": 3, "change_message": ""}}, {"model": "admin.logentry", "pk": 76, "fields": {"action_time": "2022-05-30T17:11:04.643Z", "user": 3, "content_type": 10, "object_id": "36", "object_repr": "Auto <-> 'motherfucker' by John Doe,\n                           published on: 30/05/2022, 16:36,\n                           the rating of this post is 0\nPreview: motherfucker motherfucker motherfucker", "action_flag": 3, "change_message": ""}}, {"model": "admin.logentry", "pk": 77, "fields": {"action_time": "2022-05-30T17:11:04.649Z", "user": 3, "content_type": 10, "object_id": "35", "object_repr": "Politics <-> 'motherfucker' by John Doe,\n                           published on: 30/05/2022, 16:36,\n                           the rating of this post is 0\nPreview: motherfucker motherfucker motherfu", "action_flag": 3, "change_message": ""}}, {"model": "admin.logentry", "pk": 78, "fields": {"action_time": "2022-05-30T17:11:04.655Z", "user": 3, "content_type": 10, "object_id": "34", "object_repr": "Sport <-> 'motherfucker' by John Doe,\n                           published on: 30/05/2022, 16:36,\n                           the rating of this post is 0\nPreview: motherfucker motherfucker motherfucke", "action_flag": 3, "change_message": ""}}, {"model": "admin.logentry", "pk": 79, "fields": {"action_time": "2022-05-30T17:11:04.667Z", "user": 3, "content_type": 10, "object_id": "33", "object_repr": "Auto <-> 'sdfsdfsfds' by John Doe,\n                           published on: 30/05/2022, 16:31,\n                           the rating of this post is 0\nPreview: dsffffffffffffffffffffffffffffffffffffff", "action_flag": 3, "change_message": ""}}, {"model": "admin.logentry", "pk": 80, "fields": {"action_time": "2022-05-30T17:11:04.673Z", "user": 3, "content_type": 10, "object_id": "32", "object_repr": "Politics <-> 'sdfsdfsfds' by John Doe,\n                           published on: 30/05/2022, 16:31,\n                           the rating of this post is 0\nPreview: dsffffffffffffffffffffffffffffffffff", "action_flag": 3, "change_message": ""}}, {"model": "admin.logentry", "pk": 81, "fields": {"action_time": "2022-05-30T17:11:04.677Z", "user": 3, "content_type": 10, "object_id": "31", "object_repr": "Sport <-> 'sdfsdfsfds' by John Doe,\n                           published on: 30/05/2022, 16:31,\n                           the rating of this post is 0\nPreview: dsfffffffffffffffffffffffffffffffffffff", "action_flag": 3, "change_message": ""}}, {"model": "admin.logentry", "pk": 82, "fields": {"action_time": "2022-05-30T17:11:04.681Z", "user": 3, "content_type": 10, "object_id": "30", "object_repr": "Auto <-> 'afgsdfgsfdg' by John Doe,\n                           published on: 30/05/2022, 16:28,\n                           the rating of this post is 0\nPreview: sdfgsdfgsdfgsfdgsdf s s sdfgsd sdf sdf ", "action_flag": 3, "change_message": ""}}, {"model": "admin.logentry", "pk": 83, "fields": {"action_time": "2022-05-30T17:11:04.685Z", "user": 3, "content_type": 10, "object_id": "29", "object_repr": "Politics <-> 'afgsdfgsfdg' by John Doe,\n                           published on: 30/05/2022, 16:28,\n                           the rating of this post is 0\nPreview: sdfgsdfgsdfgsfdgsdf s s sdfgsd sdf ", "action_flag": 3, "change_message": ""}}, {"model": "admin.logentry", "pk": 84, "fields": {"action_time": "2022-05-30T17:11:04.691Z", "user": 3, "content_type": 10, "object_id": "28", "object_repr": "Sport <-> 'afgsdfgsfdg' by John Doe,\n                           published on: 30/05/2022, 16:28,\n                           the rating of this post is 0\nPreview: sdfgsdfgsdfgsfdgsdf s s sdfgsd sdf sdf", "action_flag": 3, "change_message": ""}}, {"model": "admin.logentry", "pk": 85, "fields": {"action_time": "2022-05-30T17:11:04.695Z", "user": 3, "content_type": 10, "object_id": "27", "object_repr": "Art <-> 'more and more' by John Doe,\n                           published on: 30/05/2022, 16:21,\n                           the rating of this post is 0\nPreview: I'm fucking sick and tired of this\r\nI'", "action_flag": 3, "change_message": ""}}, {"model": "admin.logentry", "pk": 86, "fields": {"action_time": "2022-05-30T17:11:04.699Z", "user": 3, "content_type": 10, "object_id": "26", "object_repr": "Auto <-> 'more and more' by John Doe,\n                           published on: 30/05/2022, 16:21,\n                           the rating of this post is 0\nPreview: I'm fucking sick and tired of this\r\nI", "action_flag": 3, "change_message": ""}}, {"model": "admin.logentry", "pk": 87, "fields": {"action_time": "2022-05-30T17:11:04.703Z", "user": 3, "content_type": 10, "object_id": "25", "object_repr": "Politics <-> 'more and more' by John Doe,\n                           published on: 30/05/2022, 16:21,\n                           the rating of this post is 0\nPreview: I'm fucking sick and tired of thi", "action_flag": 3, "change_message": ""}}, {"model": "admin.logentry", "pk": 88, "fields": {"action_time": "2022-05-30T17:11:04.708Z", "user": 3, "content_type": 10, "object_id": "24", "object_repr": "Sport <-> 'more and more' by John Doe,\n                           published on: 30/05/2022, 16:21,\n                           the rating of this post is 0\nPreview: I'm fucking sick and tired of this\r\n", "action_flag": 3, "change_message": ""}}, {"model": "admin.logentry", "pk": 89, "fields": {"action_time": "2022-05-30T17:11:04.712Z", "user": 3, "content_type": 10, "object_id": "23", "object_repr": "Auto <-> 'and here is another one' by John Doe,\n                           published on: 30/05/2022, 16:19,\n                           the rating of this post is 0\nPreview: and here is another oneand ", "action_flag": 3, "change_message": ""}}, {"model": "admin.logentry", "pk": 90, "fields": {"action_time": "2022-05-30T17:11:04.717Z", "user": 3, "content_type": 10, "object_id": "22", "object_repr": "Sport <-> 'and here is another one' by John Doe,\n                           published on: 30/05/2022, 16:19,\n                           the rating of this post is 0\nPreview: and here is another oneand", "action_flag": 3, "change_message": ""}}, {"model": "admin.logentry", "pk": 91, "fields": {"action_time": "2022-05-30T17:11:04.722Z", "user": 3, "content_type": 10, "object_id": "21", "object_repr": "Sport <-> 'more on sport' by John Doe,\n                           published on: 30/05/2022, 16:17,\n                           the rating of this post is 0\nPreview: more on sportmore on sportmore on sp", "action_flag": 3, "change_message": ""}}, {"model": "admin.logentry", "pk": 92, "fields": {"action_time": "2022-05-30T17:11:04.726Z", "user": 3, "content_type": 10, "object_id": "20", "object_repr": "Art <-> 'blah-blah' by John Doe,\n                           published on: 30/05/2022, 16:15,\n                           the rating of this post is 0\nPreview: blah-blah and blah-blah blah-blah blah-bla", "action_flag": 3, "change_message": ""}}, {"model": "admin.logentry", "pk": 93, "fields": {"action_time": "2022-05-30T17:11:04.730Z", "user": 3, "content_type": 10, "object_id": "19", "object_repr": "Auto <-> 'blah-blah' by John Doe,\n                           published on: 30/05/2022, 16:15,\n                           the rating of this post is 0\nPreview: blah-blah and blah-blah blah-blah blah-bl", "action_flag": 3, "change_message": ""}}, {"model": "admin.logentry", "pk": 94, "fields": {"action_time": "2022-05-30T17:11:04.734Z", "user": 3, "content_type": 10, "object_id": "18", "object_repr": "Politics <-> 'blah-blah' by John Doe,\n                           published on: 30/05/2022, 16:15,\n                           the rating of this post is 0\nPreview: blah-blah and blah-blah blah-blah bla", "action_flag": 3, "change_message": ""}}, {"model": "admin.logentry", "pk": 95, "fields": {"action_time": "2022-05-30T17:11:04.738Z", "user": 3, "content_type": 10, "object_id": "17", "object_repr": "Sport <-> 'blah-blah' by John Doe,\n                           published on: 30/05/2022, 16:15,\n                           the rating of this post is 0\nPreview: blah-blah and blah-blah blah-blah blah-b", "action_flag": 3, "change_message": ""}}, {"model": "admin.logentry", "pk": 96, "fields": {"action_time": "2022-05-30T17:11:04.742Z", "user": 3, "content_type": 10, "object_id": "16", "object_repr": "Auto <-> 'Another Sport Auto post' by Bill Smith,\n                           published on: 30/05/2022, 15:53,\n                           the rating of this post is 0\nPreview: Here we go! New automobil", "action_flag": 3, "change_message": ""}}, {"model": "admin.logentry", "pk": 97, "fields": {"action_time": "2022-05-30T17:11:04.746Z", "user": 3, "content_type": 10, "object_id": "15", "object_repr": "Sport <-> 'Another Sport Auto post' by Bill Smith,\n                           published on: 30/05/2022, 15:53,\n                           the rating of this post is 0\nPreview: Here we go! New automobi", "action_flag": 3, "change_message": ""}}, {"model": "admin.logentry", "pk": 98, "fields": {"action_time": "2022-05-30T17:11:04.750Z", "user": 3, "content_type": 10, "object_id": "14", "object_repr": "Auto <-> 'New Sport Post' by John Doe,\n                           published on: 30/05/2022, 15:51,\n                           the rating of this post is 0\nPreview: This is a new post in Sport.\n       ", "action_flag": 3, "change_message": ""}}, {"model": "admin.logentry", "pk": 99, "fields": {"action_time": "2022-05-30T17:11:04.754Z", "user": 3, "content_type": 10, "object_id": "13", "object_repr": "Sport <-> 'New Sport Post' by John Doe,\n                           published on: 30/05/2022, 15:51,\n                           the rating of this post is 0\nPreview: This is a new post in Sport.\n      ", "action_flag": 3, "change_message": ""}}, {"model": "admin.logentry", "pk": 100, "fields": {"action_time": "2022-05-30T17:11:04.759Z", "user": 3, "content_type": 10, "object_id": "12", "object_repr": "Politics <-> 'New Author Post' by romab,\n                           published on: 29/05/2022, 22:26,\n                           the rating of this post is 0\nPreview: Here we go, another author has joi", "action_flag": 3, "change_message": ""}}, {"model": "admin.logentry", "pk": 101, "fields": {"action_time": "2022-05-30T17:11:41.218Z", "user": 3, "content_type": 9, "object_id": "23", "object_repr": "'2222222222' by John Doe,\n                           published on: 30/05/2022, 16:45,\n                           the rating of this post is 0\nPreview: 2222222222222222222222222222222222222222222222222", "action_flag": 3, "change_message": ""}}, {"model": "admin.logentry", "pk": 102, "fields": {"action_time": "2022-05-30T17:11:41.223Z", "user": 3, "content_type": 9, "object_id": "22", "object_repr": "'11111111111' by John Doe,\n                           published on: 30/05/2022, 16:40,\n                           the rating of this post is 0\nPreview: 111111111111111111111111111111111111111111111111", "action_flag": 3, "change_message": ""}}, {"model": "admin.logentry", "pk": 103, "fields": {"action_time": "2022-05-30T17:11:41.228Z", "user": 3, "content_type": 9, "object_id": "21", "object_repr": "'another motherfucker' by John Doe,\n                           published on: 30/05/2022, 16:40,\n                           the rating of this post is 0\nPreview: another motherfucker another motherfuck", "action_flag": 3, "change_message": ""}}, {"model": "admin.logentry", "pk": 104, "fields": {"action_time": "2022-05-30T17:11:41.232Z", "user": 3, "content_type": 9, "object_id": "20", "object_repr": "'motherfucker' by John Doe,\n                           published on: 30/05/2022, 16:36,\n                           the rating of this post is 0\nPreview: motherfucker motherfucker motherfucker motherfu", "action_flag": 3, "change_message": ""}}, {"model": "admin.logentry", "pk": 105, "fields": {"action_time": "2022-05-30T17:11:41.236Z", "user": 3, "content_type": 9, "object_id": "19", "object_repr": "'sdfsdfsfds' by John Doe,\n                           published on: 30/05/2022, 16:31,\n                           the rating of this post is 0\nPreview: dsfffffffffffffffffffffffffffffffffffffffffffffff", "action_flag": 3, "change_message": ""}}, {"model": "admin.logentry", "pk": 106, "fields": {"action_time": "2022-05-30T17:11:41.240Z", "user": 3, "content_type": 9, "object_id": "18", "object_repr": "'afgsdfgsfdg' by John Doe,\n                           published on: 30/05/2022, 16:28,\n                           the rating of this post is 0\nPreview: sdfgsdfgsdfgsfdgsdf s s sdfgsd sdf sdf sdfgs fd.", "action_flag": 3, "change_message": ""}}, {"model": "admin.logentry", "pk": 107, "fields": {"action_time": "2022-05-30T17:11:41.244Z", "user": 3, "content_type": 9, "object_id": "17", "object_repr": "'more and more' by John Doe,\n                           published on: 30/05/2022, 16:21,\n                           the rating of this post is 0\nPreview: I'm fucking sick and tired of this\r\nI'm fuckin", "action_flag": 3, "change_message": ""}}, {"model": "admin.logentry", "pk": 108, "fields": {"action_time": "2022-05-30T17:11:41.248Z", "user": 3, "content_type": 9, "object_id": "16", "object_repr": "'and here is another one' by John Doe,\n                           published on: 30/05/2022, 16:19,\n                           the rating of this post is 0\nPreview: and here is another oneand here is a", "action_flag": 3, "change_message": ""}}, {"model": "admin.logentry", "pk": 109, "fields": {"action_time": "2022-05-30T17:11:41.251Z", "user": 3, "content_type": 9, "object_id": "15", "object_repr": "'more on sport' by John Doe,\n                           published on: 30/05/2022, 16:17,\n                           the rating of this post is 0\nPreview: more on sportmore on sportmore on sportmore on", "action_flag": 3, "change_message": ""}}, {"model": "admin.logentry", "pk": 110, "fields": {"action_time": "2022-05-30T17:11:41.257Z", "user": 3, "content_type": 9, "object_id": "14", "object_repr": "'blah-blah' by John Doe,\n                           published on: 30/05/2022, 16:15,\n                           the rating of this post is 0\nPreview: blah-blah and blah-blah blah-blah blah-blah blah-b", "action_flag": 3, "change_message": ""}}, {"model": "admin.logentry", "pk": 111, "fields": {"action_time": "2022-05-30T17:11:41.261Z", "user": 3, "content_type": 9, "object_id": "13", "object_repr": "'Another Sport Auto post' by Bill Smith,\n                           published on: 30/05/2022, 15:53,\n                           the rating of this post is 0\nPreview: Here we go! New automobiles used i", "action_flag": 3, "change_message": ""}}, {"model": "admin.logentry", "pk": 112, "fields": {"action_time": "2022-05-30T17:11:41.265Z", "user": 3, "content_type": 9, "object_id": "12", "object_repr": "'New Sport Post' by John Doe,\n                           published on: 30/05/2022, 15:51,\n                           the rating of this post is 0\nPreview: This is a new post in Sport.\n                ", "action_flag": 3, "change_message": ""}}, {"model": "admin.logentry", "pk": 113, "fields": {"action_time": "2022-05-30T17:11:41.270Z", "user": 3, "content_type": 9, "object_id": "11", "object_repr": "'New Author Post' by romab,\n                           published on: 29/05/2022, 22:26,\n                           the rating of this post is 0\nPreview: Here we go, another author has joined our shit.", "action_flag": 3, "change_message": ""}}, {"model": "admin.logentry", "pk": 114, "fields": {"action_time": "2022-05-30T17:12:05.918Z", "user": 3, "content_type": 18, "object_id": "14", "object_repr": "romab <-> Art", "action_flag": 3, "change_message": ""}}, {"model": "admin.logentry", "pk": 115, "fields": {"action_time": "2022-05-30T17:12:05.922Z", "user": 3, "content_type": 18, "object_id": "13", "object_repr": "romab <-> Sport", "action_flag": 3, "change_message": ""}}, {"model": "admin.logentry", "pk": 116, "fields": {"action_time": "2022-05-30T17:12:05.925Z", "user": 3, "content_type": 18, "object_id": "11", "object_repr": "romab <-> Auto", "action_flag": 3, "change_message": ""}}, {"model": "admin.logentry", "pk": 117, "fields": {"action_time": "2022-05-30T17:12:05.929Z", "user": 3, "content_type": 18, "object_id": "10", "object_repr": "romab <-> Politics", "action_flag": 3, "change_message": ""}}, {"model": "admin.logentry", "pk": 118, "fields": {"action_time": "2022-05-30T18:54:02.523Z", "user": 3, "content_type": 9, "object_id": "33", "object_repr": "'bxzdfzbxcb' by romab,\n                           published on: 30/05/2022, 18:51,\n                           the rating of this post is 0\nPreview: cvbxcb xcxcv xc xcv xcvb xcvb xcvb xcv.\n            ", "action_flag": 3, "change_message": ""}}, {"model": "admin.logentry", "pk": 119, "fields": {"action_time": "2022-05-30T18:54:02.530Z", "user": 3, "content_type": 9, "object_id": "32", "object_repr": "'54654646456' by John Doe,\n                           published on: 30/05/2022, 18:48,\n                           the rating of this post is 0\nPreview: 456456456456464564564564564.\n                   ", "action_flag": 3, "change_message": ""}}, {"model": "admin.logentry", "pk": 120, "fields": {"action_time": "2022-05-30T18:54:02.538Z", "user": 3, "content_type": 9, "object_id": "31", "object_repr": "'8888888888' by romab,\n                           published on: 30/05/2022, 18:46,\n                           the rating of this post is 0\nPreview: 888888888888888888888888888888888888888888888888888.", "action_flag": 3, "change_message": ""}}, {"model": "admin.logentry", "pk": 121, "fields": {"action_time": "2022-05-30T18:54:02.545Z", "user": 3, "content_type": 9, "object_id": "30", "object_repr": "'77777777777777777777777777' by romab,\n                           published on: 30/05/2022, 18:45,\n                           the rating of this post is 0\nPreview: 777777777777777777777777777777777777", "action_flag": 3, "change_message": ""}}, {"model": "admin.logentry", "pk": 122, "fields": {"action_time": "2022-05-30T18:54:02.551Z", "user": 3, "content_type": 9, "object_id": "29", "object_repr": "'6666666666666666' by romab,\n                           published on: 30/05/2022, 18:43,\n                           the rating of this post is 0\nPreview: 6666666666666666666666666666666666666666666666", "action_flag": 3, "change_message": ""}}, {"model": "admin.logentry", "pk": 123, "fields": {"action_time": "2022-05-30T18:54:02.559Z", "user": 3, "content_type": 9, "object_id": "28", "object_repr": "'5555555555555555555555' by John Doe,\n                           published on: 30/05/2022, 18:42,\n                           the rating of this post is 0\nPreview: 5555555555555555555555555555555555555", "action_flag": 3, "change_message": ""}}, {"model": "admin.logentry", "pk": 124, "fields": {"action_time": "2022-05-30T18:54:02.566Z", "user": 3, "content_type": 9, "object_id": "27", "object_repr": "'44444444444444444444' by John Doe,\n                           published on: 30/05/2022, 18:41,\n                           the rating of this post is 0\nPreview: 444444444444444444444444444444444444444", "action_flag": 3, "change_message": ""}}, {"model": "admin.logentry", "pk": 125, "fields": {"action_time": "2022-05-30T18:54:02.570Z", "user": 3, "content_type": 9, "object_id": "26", "object_repr": "'33333333333333333' by John Doe,\n                           published on: 30/05/2022, 18:41,\n                           the rating of this post is 0\nPreview: 333333333333333333333333333333333333333333", "action_flag": 3, "change_message": ""}}, {"model": "admin.logentry", "pk": 126, "fields": {"action_time": "2022-05-30T18:54:02.577Z", "user": 3, "content_type": 9, "object_id": "25", "object_repr": "'222222222' by John Doe,\n                           published on: 30/05/2022, 18:41,\n                           the rating of this post is 0\nPreview: 2222222222222222222222222222222222222222222.\n     ", "action_flag": 3, "change_message": ""}}, {"model": "admin.logentry", "pk": 127, "fields": {"action_time": "2022-05-30T18:54:02.585Z", "user": 3, "content_type": 9, "object_id": "24", "object_repr": "'11111111111' by John Doe,\n                           published on: 30/05/2022, 17:16,\n                           the rating of this post is 0\nPreview: 111111111111111111111111111111111111111111111111", "action_flag": 3, "change_message": ""}}, {"model": "admin.logentry", "pk": 128, "fields": {"action_time": "2022-05-30T18:54:22.337Z", "user": 3, "content_type": 18, "object_id": "17", "object_repr": "romab <-> Politics", "action_flag": 1, "change_message": "[{\"added\": {}}]"}}, {"model": "admin.logentry", "pk": 129, "fields": {"action_time": "2022-05-30T18:54:33.722Z", "user": 3, "content_type": 18, "object_id": "18", "object_repr": "romab <-> Art", "action_flag": 1, "change_message": "[{\"added\": {}}]"}}, {"model": "admin.logentry", "pk": 130, "fields": {"action_time": "2022-06-01T17:08:28.667Z", "user": 3, "content_type": 20, "object_id": "notify_subscribers_weekly_job", "object_repr": "notify_subscribers_weekly_job (next run at: June 1, 2022, 5:08:26 p.m.)", "action_flag": 2, "change_message": "[{\"changed\": {\"fields\": [\"Next run time\"]}}]"}}, {"model": "admin.logentry", "pk": 131, "fields": {"action_time": "2022-06-01T17:08:33.173Z", "user": 3, "content_type": 20, "object_id": "delete_old_job_executions", "object_repr": "delete_old_job_executions (next run at: June 1, 2022, 5:08:32 p.m.)", "action_flag": 2, "change_message": "[{\"changed\": {\"fields\": [\"Next run time\"]}}]"}}, {"model": "admin.logentry", "pk": 132, "fields": {"action_time": "2022-06-01T17:19:53.116Z", "user": 3, "content_type": 20, "object_id": "notify_subscribers_weekly_job", "object_repr": "notify_subscribers_weekly_job (next run at: June 1, 2022, 5:21:44 p.m.)", "action_flag": 2, "change_message": "[{\"changed\": {\"fields\": [\"Next run time\"]}}]"}}, {"model": "admin.logentry", "pk": 133, "fields": {"action_time": "2022-06-01T18:15:43.544Z", "user": 3, "content_type": 20, "object_id": "notify_subscribers_weekly_job", "object_repr": "notify_subscribers_weekly_job (next run at: June 1, 2022, 5:21:44 p.m.)", "action_flag": 3, "change_message": ""}}, {"model": "admin.logentry", "pk": 134, "fields": {"action_time": "2022-06-01T18:15:43.552Z", "user": 3, "content_type": 20, "object_id": "delete_old_job_executions", "object_repr": "delete_old_job_executions (next run at: June 5, 2022, 9:00 p.m.)", "action_flag": 3, "change_message": ""}}, {"model": "admin.logentry", "pk": 135, "fields": {"action_time": "2022-06-01T23:41:52.196Z", "user": 3, "content_type": 10, "object_id": "137", "object_repr": "Sport <-> 6666666", "action_flag": 3, "change_message": ""}}, {"model": "admin.logentry", "pk": 136, "fields": {"action_time": "2022-06-01T23:41:52.202Z", "user": 3, "content_type": 10, "object_id": "136", "object_repr": "Politics <-> 6666666", "action_flag": 3, "change_message": ""}}, {"model": "admin.logentry", "pk": 137, "fields": {"action_time": "2022-06-01T23:41:52.208Z", "user": 3, "content_type": 10, "object_id": "135", "object_repr": "Auto <-> 55555", "action_flag": 3, "change_message": ""}}, {"model": "admin.logentry", "pk": 138, "fields": {"action_time": "2022-06-01T23:41:52.214Z", "user": 3, "content_type": 10, "object_id": "134", "object_repr": "Politics <-> 55555", "action_flag": 3, "change_message": ""}}, {"model": "admin.logentry", "pk": 139, "fields": {"action_time": "2022-06-01T23:41:52.221Z", "user": 3, "content_type": 10, "object_id": "133", "object_repr": "Sport <-> 55555", "action_flag": 3, "change_message": ""}}, {"model": "admin.logentry", "pk": 140, "fields": {"action_time": "2022-06-01T23:41:52.227Z", "user": 3, "content_type": 10, "object_id": "132", "object_repr": "Art <-> 55555", "action_flag": 3, "change_message": ""}}, {"model": "admin.logentry", "pk": 141, "fields": {"action_time": "2022-06-01T23:41:52.232Z", "user": 3, "content_type": 10, "object_id": "131", "object_repr": "Auto <-> 444444444", "action_flag": 3, "change_message": ""}}, {"model": "admin.logentry", "pk": 142, "fields": {"action_time": "2022-06-01T23:41:52.239Z", "user": 3, "content_type": 10, "object_id": "130", "object_repr": "Politics <-> 444444444", "action_flag": 3, "change_message": ""}}, {"model": "admin.logentry", "pk": 143, "fields": {"action_time": "2022-06-01T23:41:52.246Z", "user": 3, "content_type": 10, "object_id": "129", "object_repr": "Sport <-> 444444444", "action_flag": 3, "change_message": ""}}, {"model": "admin.logentry", "pk": 144, "fields": {"action_time": "2022-06-01T23:41:52.252Z", "user": 3, "content_type": 10, "object_id": "128", "object_repr": "Art <-> 444444444", "action_flag": 3, "change_message": ""}}, {"model": "admin.logentry", "pk": 145, "fields": {"action_time": "2022-06-01T23:41:52.263Z", "user": 3, "content_type": 10, "object_id": "127", "object_repr": "Auto <-> 3333333", "action_flag": 3, "change_message": ""}}, {"model": "admin.logentry", "pk": 146, "fields": {"action_time": "2022-06-01T23:41:52.276Z", "user": 3, "content_type": 10, "object_id": "126", "object_repr": "Politics <-> 3333333", "action_flag": 3, "change_message": ""}}, {"model": "admin.logentry", "pk": 147, "fields": {"action_time": "2022-06-01T23:41:52.281Z", "user": 3, "content_type": 10, "object_id": "125", "object_repr": "Sport <-> 3333333", "action_flag": 3, "change_message": ""}}, {"model": "admin.logentry", "pk": 148, "fields": {"action_time": "2022-06-01T23:41:52.288Z", "user": 3, "content_type": 10, "object_id": "124", "object_repr": "Art <-> 3333333", "action_flag": 3, "change_message": ""}}, {"model": "admin.logentry", "pk": 149, "fields": {"action_time": "2022-06-01T23:41:52.294Z", "user": 3, "content_type": 10, "object_id": "123", "object_repr": "Auto <-> 22222222", "action_flag": 3, "change_message": ""}}, {"model": "admin.logentry", "pk": 150, "fields": {"action_time": "2022-06-01T23:41:52.297Z", "user": 3, "content_type": 10, "object_id": "122", "object_repr": "Politics <-> 22222222", "action_flag": 3, "change_message": ""}}, {"model": "admin.logentry", "pk": 151, "fields": {"action_time": "2022-06-01T23:41:52.300Z", "user": 3, "content_type": 10, "object_id": "121", "object_repr": "Sport <-> 22222222", "action_flag": 3, "change_message": ""}}, {"model": "admin.logentry", "pk": 152, "fields": {"action_time": "2022-06-01T23:41:52.304Z", "user": 3, "content_type": 10, "object_id": "120", "object_repr": "Art <-> 22222222", "action_flag": 3, "change_message": ""}}, {"model": "admin.logentry", "pk": 153, "fields": {"action_time": "2022-06-01T23:41:52.307Z", "user": 3, "content_type": 10, "object_id": "119", "object_repr": "Auto <-> 11111111111", "action_flag": 3, "change_message": ""}}, {"model": "admin.logentry", "pk": 154, "fields": {"action_time": "2022-06-01T23:41:52.310Z", "user": 3, "content_type": 10, "object_id": "118", "object_repr": "Politics <-> 11111111111", "action_flag": 3, "change_message": ""}}, {"model": "admin.logentry", "pk": 155, "fields": {"action_time": "2022-06-01T23:41:52.313Z", "user": 3, "content_type": 10, "object_id": "117", "object_repr": "Sport <-> 11111111111", "action_flag": 3, "change_message": ""}}, {"model": "admin.logentry", "pk": 156, "fields": {"action_time": "2022-06-01T23:41:52.316Z", "user": 3, "content_type": 10, "object_id": "116", "object_repr": "Art <-> 11111111111", "action_flag": 3, "change_message": ""}}, {"model": "admin.logentry", "pk": 157, "fields": {"action_time": "2022-06-01T23:41:52.319Z", "user": 3, "content_type": 10, "object_id": "115", "object_repr": "Auto <-> 000000000000", "action_flag": 3, "change_message": ""}}, {"model": "admin.logentry", "pk": 158, "fields": {"action_time": "2022-06-01T23:41:52.323Z", "user": 3, "content_type": 10, "object_id": "114", "object_repr": "Politics <-> 000000000000", "action_flag": 3, "change_message": ""}}, {"model": "admin.logentry", "pk": 159, "fields": {"action_time": "2022-06-01T23:41:52.327Z", "user": 3, "content_type": 10, "object_id": "113", "object_repr": "Sport <-> 000000000000", "action_flag": 3, "change_message": ""}}, {"model": "admin.logentry", "pk": 160, "fields": {"action_time": "2022-06-01T23:41:52.330Z", "user": 3, "content_type": 10, "object_id": "112", "object_repr": "Art <-> 000000000000", "action_flag": 3, "change_message": ""}}, {"model": "admin.logentry", "pk": 161, "fields": {"action_time": "2022-06-01T23:41:52.332Z", "user": 3, "content_type": 10, "object_id": "111", "object_repr": "Auto <-> 1111111111", "action_flag": 3, "change_message": ""}}, {"model": "admin.logentry", "pk": 162, "fields": {"action_time": "2022-06-01T23:41:52.336Z", "user": 3, "content_type": 10, "object_id": "110", "object_repr": "Politics <-> 1111111111", "action_flag": 3, "change_message": ""}}, {"model": "admin.logentry", "pk": 163, "fields": {"action_time": "2022-06-01T23:41:52.340Z", "user": 3, "content_type": 10, "object_id": "109", "object_repr": "Sport <-> 1111111111", "action_flag": 3, "change_message": ""}}, {"model": "admin.logentry", "pk": 164, "fields": {"action_time": "2022-06-01T23:41:52.343Z", "user": 3, "content_type": 10, "object_id": "108", "object_repr": "Art <-> 1111111111", "action_flag": 3, "change_message": ""}}, {"model": "admin.logentry", "pk": 165, "fields": {"action_time": "2022-06-01T23:41:52.346Z", "user": 3, "content_type": 10, "object_id": "107", "object_repr": "Auto <-> 999999999", "action_flag": 3, "change_message": ""}}, {"model": "admin.logentry", "pk": 166, "fields": {"action_time": "2022-06-01T23:41:52.350Z", "user": 3, "content_type": 10, "object_id": "106", "object_repr": "Politics <-> 999999999", "action_flag": 3, "change_message": ""}}, {"model": "admin.logentry", "pk": 167, "fields": {"action_time": "2022-06-01T23:41:52.353Z", "user": 3, "content_type": 10, "object_id": "105", "object_repr": "Sport <-> 999999999", "action_flag": 3, "change_message": ""}}, {"model": "admin.logentry", "pk": 168, "fields": {"action_time": "2022-06-01T23:41:52.356Z", "user": 3, "content_type": 10, "object_id": "104", "object_repr": "Art <-> 999999999", "action_flag": 3, "change_message": ""}}, {"model": "admin.logentry", "pk": 169, "fields": {"action_time": "2022-06-01T23:41:52.359Z", "user": 3, "content_type": 10, "object_id": "103", "object_repr": "Auto <-> 8888888888", "action_flag": 3, "change_message": ""}}, {"model": "admin.logentry", "pk": 170, "fields": {"action_time": "2022-06-01T23:41:52.362Z", "user": 3, "content_type": 10, "object_id": "102", "object_repr": "Politics <-> 8888888888", "action_flag": 3, "change_message": ""}}, {"model": "admin.logentry", "pk": 171, "fields": {"action_time": "2022-06-01T23:41:52.365Z", "user": 3, "content_type": 10, "object_id": "101", "object_repr": "Sport <-> 8888888888", "action_flag": 3, "change_message": ""}}, {"model": "admin.logentry", "pk": 172, "fields": {"action_time": "2022-06-01T23:41:52.368Z", "user": 3, "content_type": 10, "object_id": "100", "object_repr": "Art <-> 8888888888", "action_flag": 3, "change_message": ""}}, {"model": "admin.logentry", "pk": 173, "fields": {"action_time": "2022-06-01T23:41:52.371Z", "user": 3, "content_type": 10, "object_id": "99", "object_repr": "Art <-> 8888888888", "action_flag": 3, "change_message": ""}}, {"model": "admin.logentry", "pk": 174, "fields": {"action_time": "2022-06-01T23:41:52.374Z", "user": 3, "content_type": 10, "object_id": "98", "object_repr": "Politics <-> 77777777777777", "action_flag": 3, "change_message": ""}}, {"model": "admin.logentry", "pk": 175, "fields": {"action_time": "2022-06-01T23:41:52.377Z", "user": 3, "content_type": 10, "object_id": "97", "object_repr": "Auto <-> 77777777777777", "action_flag": 3, "change_message": ""}}, {"model": "admin.logentry", "pk": 176, "fields": {"action_time": "2022-06-01T23:41:52.380Z", "user": 3, "content_type": 10, "object_id": "96", "object_repr": "Auto <-> 66666666666666666", "action_flag": 3, "change_message": ""}}, {"model": "admin.logentry", "pk": 177, "fields": {"action_time": "2022-06-01T23:41:52.384Z", "user": 3, "content_type": 10, "object_id": "95", "object_repr": "Politics <-> 66666666666666666", "action_flag": 3, "change_message": ""}}, {"model": "admin.logentry", "pk": 178, "fields": {"action_time": "2022-06-01T23:41:52.388Z", "user": 3, "content_type": 10, "object_id": "94", "object_repr": "Sport <-> 66666666666666666", "action_flag": 3, "change_message": ""}}, {"model": "admin.logentry", "pk": 179, "fields": {"action_time": "2022-06-01T23:41:52.391Z", "user": 3, "content_type": 10, "object_id": "93", "object_repr": "Art <-> 66666666666666666", "action_flag": 3, "change_message": ""}}, {"model": "admin.logentry", "pk": 180, "fields": {"action_time": "2022-06-01T23:41:52.395Z", "user": 3, "content_type": 10, "object_id": "92", "object_repr": "Politics <-> 5555555555555555", "action_flag": 3, "change_message": ""}}, {"model": "admin.logentry", "pk": 181, "fields": {"action_time": "2022-06-01T23:41:52.398Z", "user": 3, "content_type": 10, "object_id": "91", "object_repr": "Sport <-> 5555555555555555", "action_flag": 3, "change_message": ""}}, {"model": "admin.logentry", "pk": 182, "fields": {"action_time": "2022-06-01T23:41:52.402Z", "user": 3, "content_type": 10, "object_id": "90", "object_repr": "Auto <-> 5555555555555555", "action_flag": 3, "change_message": ""}}, {"model": "admin.logentry", "pk": 183, "fields": {"action_time": "2022-06-01T23:41:52.405Z", "user": 3, "content_type": 10, "object_id": "89", "object_repr": "Auto <-> 44444444444444", "action_flag": 3, "change_message": ""}}, {"model": "admin.logentry", "pk": 184, "fields": {"action_time": "2022-06-01T23:41:52.409Z", "user": 3, "content_type": 10, "object_id": "88", "object_repr": "Politics <-> 44444444444444", "action_flag": 3, "change_message": ""}}, {"model": "admin.logentry", "pk": 185, "fields": {"action_time": "2022-06-01T23:41:52.412Z", "user": 3, "content_type": 10, "object_id": "87", "object_repr": "Sport <-> 44444444444444", "action_flag": 3, "change_message": ""}}, {"model": "admin.logentry", "pk": 186, "fields": {"action_time": "2022-06-01T23:41:52.416Z", "user": 3, "content_type": 10, "object_id": "86", "object_repr": "Art <-> 44444444444444", "action_flag": 3, "change_message": ""}}, {"model": "admin.logentry", "pk": 187, "fields": {"action_time": "2022-06-01T23:41:52.420Z", "user": 3, "content_type": 10, "object_id": "85", "object_repr": "Auto <-> 333333333333333333", "action_flag": 3, "change_message": ""}}, {"model": "admin.logentry", "pk": 188, "fields": {"action_time": "2022-06-01T23:41:52.423Z", "user": 3, "content_type": 10, "object_id": "84", "object_repr": "Politics <-> 333333333333333333", "action_flag": 3, "change_message": ""}}, {"model": "admin.logentry", "pk": 189, "fields": {"action_time": "2022-06-01T23:41:52.426Z", "user": 3, "content_type": 10, "object_id": "83", "object_repr": "Sport <-> 333333333333333333", "action_flag": 3, "change_message": ""}}, {"model": "admin.logentry", "pk": 190, "fields": {"action_time": "2022-06-01T23:41:52.429Z", "user": 3, "content_type": 10, "object_id": "82", "object_repr": "Art <-> 333333333333333333", "action_flag": 3, "change_message": ""}}, {"model": "admin.logentry", "pk": 191, "fields": {"action_time": "2022-06-01T23:41:52.433Z", "user": 3, "content_type": 10, "object_id": "80", "object_repr": "Auto <-> 2222222222", "action_flag": 3, "change_message": ""}}, {"model": "admin.logentry", "pk": 192, "fields": {"action_time": "2022-06-01T23:41:52.436Z", "user": 3, "content_type": 10, "object_id": "79", "object_repr": "Politics <-> 2222222222", "action_flag": 3, "change_message": ""}}, {"model": "admin.logentry", "pk": 193, "fields": {"action_time": "2022-06-01T23:41:52.440Z", "user": 3, "content_type": 10, "object_id": "78", "object_repr": "Sport <-> 2222222222", "action_flag": 3, "change_message": ""}}, {"model": "admin.logentry", "pk": 194, "fields": {"action_time": "2022-06-01T23:41:52.443Z", "user": 3, "content_type": 10, "object_id": "77", "object_repr": "Art <-> 2222222222", "action_flag": 3, "change_message": ""}}, {"model": "admin.logentry", "pk": 195, "fields": {"action_time": "2022-06-01T23:41:52.447Z", "user": 3, "content_type": 10, "object_id": "76", "object_repr": "Auto <-> 11111111111", "action_flag": 3, "change_message": ""}}, {"model": "admin.logentry", "pk": 196, "fields": {"action_time": "2022-06-01T23:41:52.450Z", "user": 3, "content_type": 10, "object_id": "75", "object_repr": "Politics <-> 11111111111", "action_flag": 3, "change_message": ""}}, {"model": "admin.logentry", "pk": 197, "fields": {"action_time": "2022-06-01T23:41:52.453Z", "user": 3, "content_type": 10, "object_id": "74", "object_repr": "Sport <-> 11111111111", "action_flag": 3, "change_message": ""}}, {"model": "admin.logentry", "pk": 198, "fields": {"action_time": "2022-06-01T23:41:52.458Z", "user": 3, "content_type": 10, "object_id": "73", "object_repr": "Art <-> 11111111111", "action_flag": 3, "change_message": ""}}, {"model": "admin.logentry", "pk": 199, "fields": {"action_time": "2022-06-01T23:42:34.183Z", "user": 3, "content_type": 9, "object_id": "58", "object_repr": "'6666666' by romab,\n                           published on: 01/06/2022, 23:28,\n                           the rating of this post is 0\nPreview: 66666666666666666666666666666666666666666666666666666.\n", "action_flag": 3, "change_message": ""}}, {"model": "admin.logentry", "pk": 200, "fields": {"action_time": "2022-06-01T23:42:34.188Z", "user": 3, "content_type": 9, "object_id": "57", "object_repr": "'6666666' by romab,\n                           published on: 01/06/2022, 23:28,\n                           the rating of this post is 0\nPreview: 66666666666666666666666666666666666666666666666666666.\n", "action_flag": 3, "change_message": ""}}, {"model": "admin.logentry", "pk": 201, "fields": {"action_time": "2022-06-01T23:42:34.193Z", "user": 3, "content_type": 9, "object_id": "56", "object_repr": "'55555' by romab,\n                           published on: 01/06/2022, 23:21,\n                           the rating of this post is 0\nPreview: 5555555555555555555555555555555555555.\n                  ", "action_flag": 3, "change_message": ""}}, {"model": "admin.logentry", "pk": 202, "fields": {"action_time": "2022-06-01T23:42:34.197Z", "user": 3, "content_type": 9, "object_id": "55", "object_repr": "'444444444' by romab,\n                           published on: 01/06/2022, 23:16,\n                           the rating of this post is 0\nPreview: 44444444444444444444444444444444444444444444444444444", "action_flag": 3, "change_message": ""}}, {"model": "admin.logentry", "pk": 203, "fields": {"action_time": "2022-06-01T23:42:34.202Z", "user": 3, "content_type": 9, "object_id": "54", "object_repr": "'3333333' by romab,\n                           published on: 01/06/2022, 21:37,\n                           the rating of this post is 0\nPreview: 3333333333333333333333333333333333333333333333333333.\n ", "action_flag": 3, "change_message": ""}}, {"model": "admin.logentry", "pk": 204, "fields": {"action_time": "2022-06-01T23:42:34.206Z", "user": 3, "content_type": 9, "object_id": "53", "object_repr": "'22222222' by romab,\n                           published on: 01/06/2022, 21:35,\n                           the rating of this post is 0\nPreview: 222222222222222222222222222222222222222222222222222222", "action_flag": 3, "change_message": ""}}, {"model": "admin.logentry", "pk": 205, "fields": {"action_time": "2022-06-01T23:42:34.210Z", "user": 3, "content_type": 9, "object_id": "52", "object_repr": "'11111111111' by romab,\n                           published on: 01/06/2022, 21:34,\n                           the rating of this post is 0\nPreview: 111111111111111111111111111111111111111111111111111", "action_flag": 3, "change_message": ""}}, {"model": "admin.logentry", "pk": 206, "fields": {"action_time": "2022-06-01T23:42:34.214Z", "user": 3, "content_type": 9, "object_id": "51", "object_repr": "'11111111111' by romab,\n                           published on: 01/06/2022, 21:34,\n                           the rating of this post is 0\nPreview: 111111111111111111111111111111111111111111111111111", "action_flag": 3, "change_message": ""}}, {"model": "admin.logentry", "pk": 207, "fields": {"action_time": "2022-06-01T23:42:34.218Z", "user": 3, "content_type": 9, "object_id": "50", "object_repr": "'11111111111' by romab,\n                           published on: 01/06/2022, 21:32,\n                           the rating of this post is 0\nPreview: 111111111111111111111111111111111111111111111111111", "action_flag": 3, "change_message": ""}}, {"model": "admin.logentry", "pk": 208, "fields": {"action_time": "2022-06-01T23:42:34.222Z", "user": 3, "content_type": 9, "object_id": "49", "object_repr": "'000000000000' by romab,\n                           published on: 01/06/2022, 21:29,\n                           the rating of this post is 0\nPreview: 00000000000000000000000000000000000000000000000000", "action_flag": 3, "change_message": ""}}, {"model": "admin.logentry", "pk": 209, "fields": {"action_time": "2022-06-01T23:42:34.226Z", "user": 3, "content_type": 9, "object_id": "48", "object_repr": "'1111111111' by romab,\n                           published on: 01/06/2022, 21:24,\n                           the rating of this post is 0\nPreview: 1111111111111111111111111111111111111111.\n          ", "action_flag": 3, "change_message": ""}}, {"model": "admin.logentry", "pk": 210, "fields": {"action_time": "2022-06-01T23:42:34.230Z", "user": 3, "content_type": 9, "object_id": "47", "object_repr": "'999999999' by romab,\n                           published on: 01/06/2022, 21:20,\n                           the rating of this post is 0\nPreview: 9999999999999999999999999999999999999999999999999999.", "action_flag": 3, "change_message": ""}}, {"model": "admin.logentry", "pk": 211, "fields": {"action_time": "2022-06-01T23:42:34.234Z", "user": 3, "content_type": 9, "object_id": "46", "object_repr": "'8888888888' by romab,\n                           published on: 01/06/2022, 21:14,\n                           the rating of this post is 0\nPreview: 8888888888888888888888888888888888888888888888888888", "action_flag": 3, "change_message": ""}}, {"model": "admin.logentry", "pk": 212, "fields": {"action_time": "2022-06-01T23:42:34.238Z", "user": 3, "content_type": 9, "object_id": "45", "object_repr": "'8888888888' by romab,\n                           published on: 01/06/2022, 21:14,\n                           the rating of this post is 0\nPreview: 8888888888888888888888888888888888888888888888888888", "action_flag": 3, "change_message": ""}}, {"model": "admin.logentry", "pk": 213, "fields": {"action_time": "2022-06-01T23:42:34.243Z", "user": 3, "content_type": 9, "object_id": "44", "object_repr": "'77777777777777' by romab,\n                           published on: 01/06/2022, 21:12,\n                           the rating of this post is 0\nPreview: 777777777777777777777777777777777777777777777777", "action_flag": 3, "change_message": ""}}, {"model": "admin.logentry", "pk": 214, "fields": {"action_time": "2022-06-01T23:42:34.247Z", "user": 3, "content_type": 9, "object_id": "43", "object_repr": "'66666666666666666' by romab,\n                           published on: 01/06/2022, 21:09,\n                           the rating of this post is 0\nPreview: 666666666666666666666666666666666666666666666", "action_flag": 3, "change_message": ""}}, {"model": "admin.logentry", "pk": 215, "fields": {"action_time": "2022-06-01T23:42:34.252Z", "user": 3, "content_type": 9, "object_id": "42", "object_repr": "'5555555555555555' by romab,\n                           published on: 01/06/2022, 20:55,\n                           the rating of this post is 0\nPreview: 5555555555555555555555555555555555555555555555", "action_flag": 3, "change_message": ""}}, {"model": "admin.logentry", "pk": 216, "fields": {"action_time": "2022-06-01T23:42:34.256Z", "user": 3, "content_type": 9, "object_id": "41", "object_repr": "'44444444444444' by romab,\n                           published on: 01/06/2022, 20:52,\n                           the rating of this post is 0\nPreview: 444444444444444444444444444444444444444444444444", "action_flag": 3, "change_message": ""}}, {"model": "admin.logentry", "pk": 217, "fields": {"action_time": "2022-06-01T23:42:34.260Z", "user": 3, "content_type": 9, "object_id": "40", "object_repr": "'333333333333333333' by romab,\n                           published on: 01/06/2022, 20:51,\n                           the rating of this post is 0\nPreview: 33333333333333333333333333333333333333333333", "action_flag": 3, "change_message": ""}}, {"model": "admin.logentry", "pk": 218, "fields": {"action_time": "2022-06-01T23:42:34.264Z", "user": 3, "content_type": 9, "object_id": "38", "object_repr": "'2222222222' by romab,\n                           published on: 01/06/2022, 20:43,\n                           the rating of this post is 0\nPreview: 2222222222222222222222222222222222222.\n             ", "action_flag": 3, "change_message": ""}}, {"model": "admin.logentry", "pk": 219, "fields": {"action_time": "2022-06-01T23:42:34.267Z", "user": 3, "content_type": 9, "object_id": "37", "object_repr": "'11111111111' by romab,\n                           published on: 01/06/2022, 20:39,\n                           the rating of this post is 0\nPreview: 111111111111111111111111111111111111111111111111111", "action_flag": 3, "change_message": ""}}, {"model": "admin.logentry", "pk": 220, "fields": {"action_time": "2022-06-02T11:12:10.034Z", "user": 3, "content_type": 20, "object_id": "notify_subscribers_weekly_job", "object_repr": "notify_subscribers_weekly_job (next run at: June 2, 2022, 11:12:12 a.m.)", "action_flag": 3, "change_message": ""}}, {"model": "admin.logentry", "pk": 221, "fields": {"action_time": "2022-06-02T11:12:10.045Z", "user": 3, "content_type": 20, "object_id": "delete_old_job_executions", "object_repr": "delete_old_job_executions (next run at: June 5, 2022, 9:00 p.m.)", "action_flag": 3, "change_message": ""}}, {"model": "admin.logentry", "pk": 222, "fields": {"action_time": "2022-06-02T11:12:10.049Z", "user": 3, "content_type": 20, "object_id": "weekly_job", "object_repr": "weekly_job (next run at: June 7, 2022, 9:00 p.m.)", "action_flag": 3, "change_message": ""}}, {"model": "admin.logentry", "pk": 223, "fields": {"action_time": "2022-06-02T11:12:10.053Z", "user": 3, "content_type": 20, "object_id": "my_job", "object_repr": "my_job (next run at: June 7, 2022, 9:00 p.m.)", "action_flag": 3, "change_message": ""}}, {"model": "admin.logentry", "pk": 224, "fields": {"action_time": "2022-06-02T11:22:26.947Z", "user": 3, "content_type": 20, "object_id": "delete_old_job_executions", "object_repr": "delete_old_job_executions (next run at: June 5, 2022, 9:00 p.m.)", "action_flag": 3, "change_message": ""}}, {"model": "admin.logentry", "pk": 225, "fields": {"action_time": "2022-06-02T11:22:26.960Z", "user": 3, "content_type": 20, "object_id": "weekly_job", "object_repr": "weekly_job (next run at: June 7, 2022, 9:00 p.m.)", "action_flag": 3, "change_message": ""}}, {"model": "admin.logentry", "pk": 226, "fields": {"action_time": "2022-06-02T11:24:30.711Z", "user": 3, "content_type": 20, "object_id": "weekly_job", "object_repr": "weekly_job (next run at: June 2, 2022, 11:24:29 a.m.)", "action_flag": 2, "change_message": "[{\"changed\": {\"fields\": [\"Next run time\"]}}]"}}, {"model": "admin.logentry", "pk": 227, "fields": {"action_time": "2022-06-02T11:25:01.850Z", "user": 3, "content_type": 20, "object_id": "weekly_job", "object_repr": "weekly_job (next run at: June 2, 2022, 11:26:29 a.m.)", "action_flag": 2, "change_message": "[{\"changed\": {\"fields\": [\"Next run time\"]}}]"}}, {"model": "admin.logentry", "pk": 228, "fields": {"action_time": "2022-06-02T11:32:31.421Z", "user": 3, "content_type": 20, "object_id": "weekly_job", "object_repr": "weekly_job (next run at: June 2, 2022, 11:33:29 a.m.)", "action_flag": 2, "change_message": "[{\"changed\": {\"fields\": [\"Next run time\"]}}]"}}, {"model": "admin.logentry", "pk": 229, "fields": {"action_time": "2022-06-08T11:28:23.197Z", "user": 3, "content_type": 9, "object_id": "85", "object_repr": "'555555555555' by romab,\n                           published on: 08/06/2022, 11:24,\n                           the rating of this post is 0\nPreview: 555555555555555555555555555555555555555.\n         ", "action_flag": 3, "change_message": ""}}, {"model": "admin.logentry", "pk": 230, "fields": {"action_time": "2022-06-08T11:28:23.222Z", "user": 3, "content_type": 9, "object_id": "84", "object_repr": "'444444444' by romab,\n                           published on: 08/06/2022, 11:19,\n                           the rating of this post is 0\nPreview: 44444444444444444444444444444444444444.\n             ", "action_flag": 3, "change_message": ""}}, {"model": "admin.logentry", "pk": 231, "fields": {"action_time": "2022-06-08T11:28:23.244Z", "user": 3, "content_type": 9, "object_id": "83", "object_repr": "'33333' by romab,\n                           published on: 08/06/2022, 11:18,\n                           the rating of this post is 0\nPreview: 3333333333333333333333333333333333333333333.\n            ", "action_flag": 3, "change_message": ""}}, {"model": "admin.logentry", "pk": 232, "fields": {"action_time": "2022-06-08T11:28:23.265Z", "user": 3, "content_type": 9, "object_id": "82", "object_repr": "'44444444' by romab,\n                           published on: 08/06/2022, 11:17,\n                           the rating of this post is 0\nPreview: 444444444444444444444444444444444444444.\n             ", "action_flag": 3, "change_message": ""}}, {"model": "admin.logentry", "pk": 233, "fields": {"action_time": "2022-06-08T11:28:23.284Z", "user": 3, "content_type": 9, "object_id": "81", "object_repr": "'1111111' by romab,\n                           published on: 08/06/2022, 11:15,\n                           the rating of this post is 0\nPreview: 111111111111111111111111111111111111111111111.\n        ", "action_flag": 3, "change_message": ""}}, {"model": "admin.logentry", "pk": 234, "fields": {"action_time": "2022-06-08T11:28:23.300Z", "user": 3, "content_type": 9, "object_id": "80", "object_repr": "'2222222222' by romab,\n                           published on: 08/06/2022, 11:14,\n                           the rating of this post is 0\nPreview: 222222222222222222222222222222222222222.\n           ", "action_flag": 3, "change_message": ""}}, {"model": "admin.logentry", "pk": 235, "fields": {"action_time": "2022-06-08T11:28:23.317Z", "user": 3, "content_type": 9, "object_id": "79", "object_repr": "'4444444444' by romab,\n                           published on: 08/06/2022, 11:14,\n                           the rating of this post is 0\nPreview: 4444444444444444444444444444444444444.\n             ", "action_flag": 3, "change_message": ""}}, {"model": "admin.logentry", "pk": 236, "fields": {"action_time": "2022-06-08T11:28:23.334Z", "user": 3, "content_type": 9, "object_id": "78", "object_repr": "'3333333333' by romab,\n                           published on: 08/06/2022, 11:12,\n                           the rating of this post is 0\nPreview: 3333333333333333333333333333333333333333333333.\n    ", "action_flag": 3, "change_message": ""}}, {"model": "admin.logentry", "pk": 237, "fields": {"action_time": "2022-06-08T11:28:23.349Z", "user": 3, "content_type": 9, "object_id": "77", "object_repr": "'222222222' by romab,\n                           published on: 08/06/2022, 11:11,\n                           the rating of this post is 0\nPreview: 2222222222222222222222222222222222222222222222.\n     ", "action_flag": 3, "change_message": ""}}, {"model": "admin.logentry", "pk": 238, "fields": {"action_time": "2022-06-08T11:28:23.366Z", "user": 3, "content_type": 9, "object_id": "76", "object_repr": "'444444' by romab,\n                           published on: 08/06/2022, 10:47,\n                           the rating of this post is 0\nPreview: 44444444444444444444444444444444444444444444.\n          ", "action_flag": 3, "change_message": ""}}, {"model": "admin.logentry", "pk": 239, "fields": {"action_time": "2022-06-08T11:28:23.382Z", "user": 3, "content_type": 9, "object_id": "75", "object_repr": "'8888888888888888' by romab,\n                           published on: 08/06/2022, 10:45,\n                           the rating of this post is 0\nPreview: 88888888888888888888888888888888888888888888.\n", "action_flag": 3, "change_message": ""}}, {"model": "admin.logentry", "pk": 240, "fields": {"action_time": "2022-06-08T11:28:23.397Z", "user": 3, "content_type": 9, "object_id": "74", "object_repr": "'5555555555555' by romab,\n                           published on: 08/06/2022, 10:44,\n                           the rating of this post is 0\nPreview: 555555555555555555555555555555555555.\n           ", "action_flag": 3, "change_message": ""}}, {"model": "admin.logentry", "pk": 241, "fields": {"action_time": "2022-06-08T11:28:23.412Z", "user": 3, "content_type": 9, "object_id": "73", "object_repr": "'5555555555555' by romab,\n                           published on: 08/06/2022, 10:42,\n                           the rating of this post is 0\nPreview: 555555555555555555555555555555555555.\n           ", "action_flag": 3, "change_message": ""}}, {"model": "admin.logentry", "pk": 242, "fields": {"action_time": "2022-06-08T11:28:23.429Z", "user": 3, "content_type": 9, "object_id": "72", "object_repr": "'5555555555555' by romab,\n                           published on: 08/06/2022, 10:32,\n                           the rating of this post is 0\nPreview: 555555555555555555555555555555555555.\n           ", "action_flag": 3, "change_message": ""}}, {"model": "admin.logentry", "pk": 243, "fields": {"action_time": "2022-06-08T11:28:23.443Z", "user": 3, "content_type": 9, "object_id": "71", "object_repr": "'111111111111111111' by romab,\n                           published on: 08/06/2022, 10:28,\n                           the rating of this post is 0\nPreview: 11111111111111111111111111111111.\n          ", "action_flag": 3, "change_message": ""}}, {"model": "admin.logentry", "pk": 244, "fields": {"action_time": "2022-06-08T11:28:23.458Z", "user": 3, "content_type": 9, "object_id": "70", "object_repr": "'2222222222222222222' by romab,\n                           published on: 08/06/2022, 10:27,\n                           the rating of this post is 0\nPreview: 2222222222222222222222222222.\n             ", "action_flag": 3, "change_message": ""}}, {"model": "admin.logentry", "pk": 245, "fields": {"action_time": "2022-06-08T11:28:23.473Z", "user": 3, "content_type": 9, "object_id": "69", "object_repr": "'2222222222222222222' by romab,\n                           published on: 08/06/2022, 10:26,\n                           the rating of this post is 0\nPreview: 2222222222222222222222222222.\n             ", "action_flag": 3, "change_message": ""}}, {"model": "admin.logentry", "pk": 246, "fields": {"action_time": "2022-06-08T11:28:23.487Z", "user": 3, "content_type": 9, "object_id": "68", "object_repr": "'2222222222222222222' by romab,\n                           published on: 08/06/2022, 10:25,\n                           the rating of this post is 0\nPreview: 2222222222222222222222222222.\n             ", "action_flag": 3, "change_message": ""}}, {"model": "admin.logentry", "pk": 247, "fields": {"action_time": "2022-06-08T11:28:23.501Z", "user": 3, "content_type": 9, "object_id": "67", "object_repr": "'66666666666666' by romab,\n                           published on: 08/06/2022, 10:05,\n                           the rating of this post is 0\nPreview: 6666666666666666666666666666666666666666666.\n   ", "action_flag": 3, "change_message": ""}}, {"model": "admin.logentry", "pk": 248, "fields": {"action_time": "2022-06-08T11:28:23.518Z", "user": 3, "content_type": 9, "object_id": "66", "object_repr": "'5555555555555555' by romab,\n                           published on: 08/06/2022, 09:41,\n                           the rating of this post is 0\nPreview: 5555555555555555555555555555555555555555555555", "action_flag": 3, "change_message": ""}}, {"model": "admin.logentry", "pk": 249, "fields": {"action_time": "2022-06-08T11:28:23.534Z", "user": 3, "content_type": 9, "object_id": "64", "object_repr": "'4444' by romab,\n                           published on: 02/06/2022, 11:31,\n                           the rating of this post is 0\nPreview: 444444444444444444444444444444444444444444.\n              ", "action_flag": 3, "change_message": ""}}, {"model": "admin.logentry", "pk": 250, "fields": {"action_time": "2022-06-08T11:28:23.550Z", "user": 3, "content_type": 9, "object_id": "63", "object_repr": "'33333' by romab,\n                           published on: 02/06/2022, 10:56,\n                           the rating of this post is 0\nPreview: 333333333333333333333333333333333333333333333333333333333", "action_flag": 3, "change_message": ""}}, {"model": "admin.logentry", "pk": 251, "fields": {"action_time": "2022-06-08T11:28:23.565Z", "user": 3, "content_type": 9, "object_id": "62", "object_repr": "'2222222' by romab,\n                           published on: 02/06/2022, 10:10,\n                           the rating of this post is 0\nPreview: 222222222222222222222222222222222222222.\n              ", "action_flag": 3, "change_message": ""}}, {"model": "admin.logentry", "pk": 252, "fields": {"action_time": "2022-06-08T11:28:23.578Z", "user": 3, "content_type": 9, "object_id": "61", "object_repr": "'1111111' by romab,\n                           published on: 02/06/2022, 09:13,\n                           the rating of this post is 0\nPreview: 1111111111111111111111111111.\n                         ", "action_flag": 3, "change_message": ""}}, {"model": "admin.logentry", "pk": 253, "fields": {"action_time": "2022-06-08T11:28:23.592Z", "user": 3, "content_type": 9, "object_id": "60", "object_repr": "'1111111' by romab,\n                           published on: 01/06/2022, 23:47,\n                           the rating of this post is 0\nPreview: 1111111111111111111111111111.\n                         ", "action_flag": 3, "change_message": ""}}, {"model": "admin.logentry", "pk": 254, "fields": {"action_time": "2022-06-08T11:28:23.605Z", "user": 3, "content_type": 9, "object_id": "59", "object_repr": "'1111111' by romab,\n                           published on: 01/06/2022, 23:46,\n                           the rating of this post is 0\nPreview: 1111111111111111111111111111.\n                         ", "action_flag": 3, "change_message": ""}}, {"model": "admin.logentry", "pk": 255, "fields": {"action_time": "2022-06-16T11:33:00.669Z", "user": 3, "content_type": 9, "object_id": "89", "object_repr": "'5555555' by romab,\n                           published on: 09/06/2022, 07:56,\n                           the rating of this post is 0\nPreview: updated 55555555555555555555555555555555555555.\n       ", "action_flag": 2, "change_message": "[{\"changed\": {\"fields\": [\"Body\"]}}]"}}, {"model": "admin.logentry", "pk": 256, "fields": {"action_time": "2022-06-16T13:25:21.502Z", "user": 3, "content_type": 9, "object_id": "88", "object_repr": "'3333' by romab,\n                           published on: 08/06/2022, 11:40,\n                           the rating of this post is 0\nPreview: updated 33333333333333333333333333333333333333333333333333", "action_flag": 2, "change_message": "[{\"changed\": {\"fields\": [\"Body\", \"IsUpdated\"]}}]"}}, {"model": "admin.logentry", "pk": 257, "fields": {"action_time": "2022-06-16T13:26:23.655Z", "user": 3, "content_type": 9, "object_id": "87", "object_repr": "'2222222' by romab,\n                           published on: 08/06/2022, 11:37,\n                           the rating of this post is 0\nPreview: updated 2222222222222222222222222222222222222222222.\n  ", "action_flag": 2, "change_message": "[{\"changed\": {\"fields\": [\"Body\"]}}]"}}, {"model": "admin.logentry", "pk": 258, "fields": {"action_time": "2022-06-16T13:27:38.933Z", "user": 3, "content_type": 9, "object_id": "87", "object_repr": "'2222222' by romab,\n                           published on: 08/06/2022, 11:37,\n                           the rating of this post is 0\nPreview: updated twice 22222222222222222222222222222222222222222", "action_flag": 2, "change_message": "[{\"changed\": {\"fields\": [\"Body\"]}}]"}}, {"model": "admin.logentry", "pk": 259, "fields": {"action_time": "2022-06-16T13:27:57.542Z", "user": 3, "content_type": 9, "object_id": "87", "object_repr": "'2222222' by romab,\n                           published on: 08/06/2022, 11:37,\n                           the rating of this post is 0\nPreview: 222222222222222222222222222222222222222222.\n           ", "action_flag": 2, "change_message": "[{\"changed\": {\"fields\": [\"Body\"]}}]"}}, {"model": "admin.logentry", "pk": 260, "fields": {"action_time": "2022-06-16T13:31:51.626Z", "user": 3, "content_type": 9, "object_id": "88", "object_repr": "'3333' by romab,\n                           published on: 08/06/2022, 11:40,\n                           the rating of this post is 0\nPreview: updated twice 33333333333333333333333333333333333333333333", "action_flag": 2, "change_message": "[{\"changed\": {\"fields\": [\"Body\"]}}]"}}, {"model": "auth.permission", "pk": 1, "fields": {"name": "Can add log entry", "content_type": 1, "codename": "add_logentry"}}, {"model": "auth.permission", "pk": 2, "fields": {"name": "Can change log entry", "content_type": 1, "codename": "change_logentry"}}, {"model": "auth.permission", "pk": 3, "fields": {"name": "Can delete log entry", "content_type": 1, "codename": "delete_logentry"}}, {"model": "auth.permission", "pk": 4, "fields": {"name": "Can view log entry", "content_type": 1, "codename": "view_logentry"}}, {"model": "auth.permission", "pk": 5, "fields": {"name": "Can add permission", "content_type": 2, "codename": "add_permission"}}, {"model": "auth.permission", "pk": 6, "fields": {"name": "Can change permission", "content_type": 2, "codename": "change_permission"}}, {"model": "auth.permission", "pk": 7, "fields": {"name": "Can delete permission", "content_type": 2, "codename": "delete_permission"}}, {"model": "auth.permission", "pk": 8, "fields": {"name": "Can view permission", "content_type": 2, "codename": "view_permission"}}, {"model": "auth.permission", "pk": 9, "fields": {"name": "Can add group", "content_type": 3, "codename": "add_group"}}, {"model": "auth.permission", "pk": 10, "fields": {"name": "Can change group", "content_type": 3, "codename": "change_group"}}, {"model": "auth.permission", "pk": 11, "fields": {"name": "Can delete group", "content_type": 3, "codename": "delete_group"}}, {"model": "auth.permission", "pk": 12, "fields": {"name": "Can view group", "content_type": 3, "codename": "view_group"}}, {"model": "auth.permission", "pk": 13, "fields": {"name": "Can add user", "content_type": 4, "codename": "add_user"}}, {"model": "auth.permission", "pk": 14, "fields": {"name": "Can change user", "content_type": 4, "codename": "change_user"}}, {"model": "auth.permission", "pk": 15, "fields": {"name": "Can delete user", "content_type": 4, "codename": "delete_user"}}, {"model": "auth.permission", "pk": 16, "fields": {"name": "Can view user", "content_type": 4, "codename": "view_user"}}, {"model": "auth.permission", "pk": 17, "fields": {"name": "Can add content type", "content_type": 5, "codename": "add_contenttype"}}, {"model": "auth.permission", "pk": 18, "fields": {"name": "Can change content type", "content_type": 5, "codename": "change_contenttype"}}, {"model": "auth.permission", "pk": 19, "fields": {"name": "Can delete content type", "content_type": 5, "codename": "delete_contenttype"}}, {"model": "auth.permission", "pk": 20, "fields": {"name": "Can view content type", "content_type": 5, "codename": "view_contenttype"}}, {"model": "auth.permission", "pk": 21, "fields": {"name": "Can add session", "content_type": 6, "codename": "add_session"}}, {"model": "auth.permission", "pk": 22, "fields": {"name": "Can change session", "content_type": 6, "codename": "change_session"}}, {"model": "auth.permission", "pk": 23, "fields": {"name": "Can delete session", "content_type": 6, "codename": "delete_session"}}, {"model": "auth.permission", "pk": 24, "fields": {"name": "Can view session", "content_type": 6, "codename": "view_session"}}, {"model": "auth.permission", "pk": 25, "fields": {"name": "Can add author", "content_type": 7, "codename": "add_author"}}, {"model": "auth.permission", "pk": 26, "fields": {"name": "Can change author", "content_type": 7, "codename": "change_author"}}, {"model": "auth.permission", "pk": 27, "fields": {"name": "Can delete author", "content_type": 7, "codename": "delete_author"}}, {"model": "auth.permission", "pk": 28, "fields": {"name": "Can view author", "content_type": 7, "codename": "view_author"}}, {"model": "auth.permission", "pk": 29, "fields": {"name": "Can add category", "content_type": 8, "codename": "add_category"}}, {"model": "auth.permission", "pk": 30, "fields": {"name": "Can change category", "content_type": 8, "codename": "change_category"}}, {"model": "auth.permission", "pk": 31, "fields": {"name": "Can delete category", "content_type": 8, "codename": "delete_category"}}, {"model": "auth.permission", "pk": 32, "fields": {"name": "Can view category", "content_type": 8, "codename": "view_category"}}, {"model": "auth.permission", "pk": 33, "fields": {"name": "Can add post", "content_type": 9, "codename": "add_post"}}, {"model": "auth.permission", "pk": 34, "fields": {"name": "Can change post", "content_type": 9, "codename": "change_post"}}, {"model": "auth.permission", "pk": 35, "fields": {"name": "Can delete post", "content_type": 9, "codename": "delete_post"}}, {"model": "auth.permission", "pk": 36, "fields": {"name": "Can view post", "content_type": 9, "codename": "view_post"}}, {"model": "auth.permission", "pk": 37, "fields": {"name": "Can add post category", "content_type": 10, "codename": "add_postcategory"}}, {"model": "auth.permission", "pk": 38, "fields": {"name": "Can change post category", "content_type": 10, "codename": "change_postcategory"}}, {"model": "auth.permission", "pk": 39, "fields": {"name": "Can delete post category", "content_type": 10, "codename": "delete_postcategory"}}, {"model": "auth.permission", "pk": 40, "fields": {"name": "Can view post category", "content_type": 10, "codename": "view_postcategory"}}, {"model": "auth.permission", "pk": 41, "fields": {"name": "Can add comment", "content_type": 11, "codename": "add_comment"}}, {"model": "auth.permission", "pk": 42, "fields": {"name": "Can change comment", "content_type": 11, "codename": "change_comment"}}, {"model": "auth.permission", "pk": 43, "fields": {"name": "Can delete comment", "content_type": 11, "codename": "delete_comment"}}, {"model": "auth.permission", "pk": 44, "fields": {"name": "Can view comment", "content_type": 11, "codename": "view_comment"}}, {"model": "auth.permission", "pk": 45, "fields": {"name": "Can add email address", "content_type": 12, "codename": "add_emailaddress"}}, {"model": "auth.permission", "pk": 46, "fields": {"name": "Can change email address", "content_type": 12, "codename": "change_emailaddress"}}, {"model": "auth.permission", "pk": 47, "fields": {"name": "Can delete email address", "content_type": 12, "codename": "delete_emailaddress"}}, {"model": "auth.permission", "pk": 48, "fields": {"name": "Can view email address", "content_type": 12, "codename": "view_emailaddress"}}, {"model": "auth.permission", "pk": 49, "fields": {"name": "Can add email confirmation", "content_type": 13, "codename": "add_emailconfirmation"}}, {"model": "auth.permission", "pk": 50, "fields": {"name": "Can change email confirmation", "content_type": 13, "codename": "change_emailconfirmation"}}, {"model": "auth.permission", "pk": 51, "fields": {"name": "Can delete email confirmation", "content_type": 13, "codename": "delete_emailconfirmation"}}, {"model": "auth.permission", "pk": 52, "fields": {"name": "Can view email confirmation", "content_type": 13, "codename": "view_emailconfirmation"}}, {"model": "auth.permission", "pk": 53, "fields": {"name": "Can add social account", "content_type": 14, "codename": "add_socialaccount"}}, {"model": "auth.permission", "pk": 54, "fields": {"name": "Can change social account", "content_type": 14, "codename": "change_socialaccount"}}, {"model": "auth.permission", "pk": 55, "fields": {"name": "Can delete social account", "content_type": 14, "codename": "delete_socialaccount"}}, {"model": "auth.permission", "pk": 56, "fields": {"name": "Can view social account", "content_type": 14, "codename": "view_socialaccount"}}, {"model": "auth.permission", "pk": 57, "fields": {"name": "Can add social application", "content_type": 15, "codename": "add_socialapp"}}, {"model": "auth.permission", "pk": 58, "fields": {"name": "Can change social application", "content_type": 15, "codename": "change_socialapp"}}, {"model": "auth.permission", "pk": 59, "fields": {"name": "Can delete social application", "content_type": 15, "codename": "delete_socialapp"}}, {"model": "auth.permission", "pk": 60, "fields": {"name": "Can view social application", "content_type": 15, "codename": "view_socialapp"}}, {"model": "auth.permission", "pk": 61, "fields": {"name": "Can add social application token", "content_type": 16, "codename": "add_socialtoken"}}, {"model": "auth.permission", "pk": 62, "fields": {"name": "Can change social application token", "content_type": 16, "codename": "change_socialtoken"}}, {"model": "auth.permission", "pk": 63, "fields": {"name": "Can delete social application token", "content_type": 16, "codename": "delete_socialtoken"}}, {"model": "auth.permission", "pk": 64, "fields": {"name": "Can view social application token", "content_type": 16, "codename": "view_socialtoken"}}, {"model": "auth.permission", "pk": 65, "fields": {"name": "Can add site", "content_type": 17, "codename": "add_site"}}, {"model": "auth.permission", "pk": 66, "fields": {"name": "Can change site", "content_type": 17, "codename": "change_site"}}, {"model": "auth.permission", "pk": 67, "fields": {"name": "Can delete site", "content_type": 17, "codename": "delete_site"}}, {"model": "auth.permission", "pk": 68, "fields": {"name": "Can view site", "content_type": 17, "codename": "view_site"}}, {"model": "auth.permission", "pk": 69, "fields": {"name": "Can add category subscribers", "content_type": 18, "codename": "add_categorysubscribers"}}, {"model": "auth.permission", "pk": 70, "fields": {"name": "Can change category subscribers", "content_type": 18, "codename": "change_categorysubscribers"}}, {"model": "auth.permission", "pk": 71, "fields": {"name": "Can delete category subscribers", "content_type": 18, "codename": "delete_categorysubscribers"}}, {"model": "auth.permission", "pk": 72, "fields": {"name": "Can view category subscribers", "content_type": 18, "codename": "view_categorysubscribers"}}, {"model": "auth.permission", "pk": 73, "fields": {"name": "Can add author subscribers", "content_type": 19, "codename": "add_authorsubscribers"}}, {"model": "auth.permission", "pk": 74, "fields": {"name": "Can change author subscribers", "content_type": 19, "codename": "change_authorsubscribers"}}, {"model": "auth.permission", "pk": 75, "fields": {"name": "Can delete author subscribers", "content_type": 19, "codename": "delete_authorsubscribers"}}, {"model": "auth.permission", "pk": 76, "fields": {"name": "Can view author subscribers", "content_type": 19, "codename": "view_authorsubscribers"}}, {"model": "auth.permission", "pk": 77, "fields": {"name": "Can add django job", "content_type": 20, "codename": "add_djangojob"}}, {"model": "auth.permission", "pk": 78, "fields": {"name": "Can change django job", "content_type": 20, "codename": "change_djangojob"}}, {"model": "auth.permission", "pk": 79, "fields": {"name": "Can delete django job", "content_type": 20, "codename": "delete_djangojob"}}, {"model": "auth.permission", "pk": 80, "fields": {"name": "Can view django job", "content_type": 20, "codename": "view_djangojob"}}, {"model": "auth.permission", "pk": 81, "fields": {"name": "Can add django job execution", "content_type": 21, "codename": "add_djangojobexecution"}}, {"model": "auth.permission", "pk": 82, "fields": {"name": "Can change django job execution", "content_type": 21, "codename": "change_djangojobexecution"}}, {"model": "auth.permission", "pk": 83, "fields": {"name": "Can delete django job execution", "content_type": 21, "codename": "delete_djangojobexecution"}}, {"model": "auth.permission", "pk": 84, "fields": {"name": "Can view django job execution", "content_type": 21, "codename": "view_djangojobexecution"}}, {"model": "auth.group", "pk": 3, "fields": {"name": "common", "permissions": [36]}}, {"model": "auth.group", "pk": 4, "fields": {"name": "authors", "permissions": [33, 34, 36]}}, {"model": "auth.user", "pk": 1, "fields": {"password": "!a11S7e1m3BIPQWSPEtX7vXv4Gy9MZQOABBeuecXU", "last_login": null, "is_superuser": false, "username": "John Doe", "first_name": "", "last_name": "", "email": "", "is_staff": false, "is_active": true, "date_joined": "2022-04-18T14:57:09.954Z", "groups": [], "user_permissions": []}}, {"model": "auth.user", "pk": 2, "fields": {"password": "!ZgOB6GA6lkQBut0c1GGKQtFzQDMSAYFjb8JwJOop", "last_login": null, "is_superuser": false, "username": "Bill Smith", "first_name": "", "last_name": "", "email": "", "is_staff": false, "is_active": true, "date_joined": "2022-04-18T14:57:09.972Z", "groups": [], "user_permissions": []}}, {"model": "auth.user", "pk": 3, "fields": {"password": "pbkdf2_sha256$320000$5isQFBSi8SP6mNfuo3X4NC$xeaD6QUdmA3zZHaUMSHNl0GbiGKVCaq1L5MRVApQeHs=", "last_login": "2022-06-19T20:44:27.620Z", "is_superuser": true, "username": "romab", "first_name": "Roman", "last_name": "Bykov", "email": "roma-bykov@rambler.ru", "is_staff": true, "is_active": true, "date_joined": "2022-04-18T15:00:58Z", "groups": [3, 4], "user_permissions": []}}, {"model": "auth.user", "pk": 6, "fields": {"password": "!2Hc7KAHZcH4HuB4jN95fKkUOWSpnKHG4MfHI61st", "last_login": "2022-05-18T18:46:21Z", "is_superuser": false, "username": "roman", "first_name": "Roman", "last_name": "Bykov", "email": "romabykov@gmail.com", "is_staff": true, "is_active": true, "date_joined": "2022-05-16T19:11:27Z", "groups": [], "user_permissions": []}}, {"model": "auth.user", "pk": 10, "fields": {"password": "pbkdf2_sha256$320000$74c655zlkmMKJMVnTaXm7L$qkOAlT0neRwOa9SSQEGrFgE1YaZ/82sGVJtGbtZ6pQI=", "last_login": null, "is_superuser": false, "username": "common_user_1", "first_name": "", "last_name": "", "email": "common_user_1@user.user", "is_staff": false, "is_active": true, "date_joined": "2022-05-18T18:19:16Z", "groups": [3], "user_permissions": []}}, {"model": "auth.user", "pk": 11, "fields": {"password": "pbkdf2_sha256$320000$lXOIJuBbXOtj6qctsXRMMC$N0tYiMuE8CjhdzXTsiRs23VW/N/n9btfhaMez1E9fT4=", "last_login": "2022-05-18T18:25:18.453Z", "is_superuser": false, "username": "common_user_2", "first_name": "", "last_name": "", "email": "common_user_2@user.user", "is_staff": false, "is_active": true, "date_joined": "2022-05-18T18:19:36Z", "groups": [3], "user_permissions": []}}, {"model": "auth.user", "pk": 12, "fields": {"password": "pbkdf2_sha256$320000$jiYoA7rX2Lr9VUzyTtbViD$BvqFtretbvoYNfywzax+CcyEE9T4DSYGEePda1b8/e0=", "last_login": null, "is_superuser": false, "username": "author_user_1", "first_name": "", "last_name": "", "email": "author_user_1@user.user", "is_staff": false, "is_active": true, "date_joined": "2022-05-18T18:20:12Z", "groups": [3, 4], "user_permissions": []}}, {"model": "auth.user", "pk": 13, "fields": {"password": "pbkdf2_sha256$320000$VsmNVTHv34hPQU6Qr90iXC$0F5o7gXLmiFiaLnBOlXVEYuMBfLjdLpqh5oTH6UQERs=", "last_login": "2022-05-18T19:54:16.093Z", "is_superuser": false, "username": "author_user_2", "first_name": "", "last_name": "", "email": "author_user_2@user.user", "is_staff": false, "is_active": true, "date_joined": "2022-05-18T18:20:29Z", "groups": [3, 4], "user_permissions": []}}, {"model": "auth.user", "pk": 14, "fields": {"password": "pbkdf2_sha256$320000$Elin9xXSdpHe7hccDAjcFN$JSCqZk1S6T89CGOxexCoBxWYzwVGa+UHhB+qg5DRX3A=", "last_login": "2022-05-18T20:09:34Z", "is_superuser": false, "username": "common_user_3", "first_name": "", "last_name": "", "email": "common_user_3@user.user", "is_staff": false, "is_active": true, "date_joined": "2022-05-18T18:47:20Z", "groups": [3], "user_permissions": []}}, {"model": "auth.user", "pk": 15, "fields": {"password": "pbkdf2_sha256$320000$w6gkfCG1hpTiNCEoiYvho7$SetanusvOTaAWtlaZC53o11gopsm8D7Ku4v9Y+ZjvXQ=", "last_login": "2022-05-28T22:43:37.523Z", "is_superuser": false, "username": "romayandex", "first_name": "Roman", "last_name": "Bykov", "email": "roma-bykov@yandex.ru", "is_staff": true, "is_active": true, "date_joined": "2022-05-28T22:40:02.782Z", "groups": [], "user_permissions": []}}, {"model": "contenttypes.contenttype", "pk": 1, "fields": {"app_label": "admin", "model": "logentry"}}, {"model": "contenttypes.contenttype", "pk": 2, "fields": {"app_label": "auth", "model": "permission"}}, {"model": "contenttypes.contenttype", "pk": 3, "fields": {"app_label": "auth", "model": "group"}}, {"model": "contenttypes.contenttype", "pk": 4, "fields": {"app_label": "auth", "model": "user"}}, {"model": "contenttypes.contenttype", "pk": 5, "fields": {"app_label": "contenttypes", "model": "contenttype"}}, {"model": "contenttypes.contenttype", "pk": 6, "fields": {"app_label": "sessions", "model": "session"}}, {"model": "contenttypes.contenttype", "pk": 7, "fields": {"app_label": "news", "model": "author"}}, {"model": "contenttypes.contenttype", "pk": 8, "fields": {"app_label": "news", "model": "category"}}, {"model": "contenttypes.contenttype", "pk": 9, "fields": {"app_label": "news", "model": "post"}}, {"model": "contenttypes.contenttype", "pk": 10, "fields": {"app_label": "news", "model": "postcategory"}}, {"model": "contenttypes.contenttype", "pk": 11, "fields": {"app_label": "news", "model": "comment"}}, {"model": "contenttypes.contenttype", "pk": 12, "fields": {"app_label": "account", "model": "emailaddress"}}, {"model": "contenttypes.contenttype", "pk": 13, "fields": {"app_label": "account", "model": "emailconfirmation"}}, {"model": "contenttypes.contenttype", "pk": 14, "fields": {"app_label": "socialaccount", "model": "socialaccount"}}, {"model": "contenttypes.contenttype", "pk": 15, "fields": {"app_label": "socialaccount", "model": "socialapp"}}, {"model": "contenttypes.contenttype", "pk": 16, "fields": {"app_label": "socialaccount", "model": "socialtoken"}}, {"model": "contenttypes.contenttype", "pk": 17, "fields": {"app_label": "sites", "model": "site"}}, {"model": "contenttypes.contenttype", "pk": 18, "fields": {"app_label": "news", "model": "categorysubscribers"}}, {"model": "contenttypes.contenttype", "pk": 19, "fields": {"app_label": "news", "model": "authorsubscribers"}}, {"model": "contenttypes.contenttype", "pk": 20, "fields": {"app_label": "django_apscheduler", "model": "djangojob"}}, {"model": "contenttypes.contenttype", "pk": 21, "fields": {"app_label": "django_apscheduler", "model": "djangojobexecution"}}, {"model": "sessions.session", "pk": "8ozwzarb9rlrd9ui7z8ebwguskcx2ww9", "fields": {"session_data": ".eJxVjU0OwiAQhe_C2jRlaAdxpxchwwCB2NBEYGW8u2K60OV73_t5Cku9JdtreNjsxUUocfr1HPE9lAFo24Y9EfPeS5u-mQPX6fpRobTM1PJebkfrbypRTeMAGNcZEGQE43ENCNop9oRgBnNeGamjB3WWIY6gMXGByLMhjbCI1xuW7ztc:1o2qxx:xWyJQm6oz-euC84gu5t9Krbu_tWyzcPWXf9bwwi2awc", "expire_date": "2022-07-03T09:11:33.460Z"}}, {"model": "sessions.session", "pk": "av1sq96yu21wwrcqmse7mrkx9i7naan8", "fields": {"session_data": ".eJxVjEEOwiAQAP_C2ZCytIvr0btvIAsLUjU0Ke3J-HdD0oNeZybzVp73rfi9pdXPoi7KqtMvCxyfqXYhD673RcelbuscdE_0YZu-LZJe16P9GxRupW8h4jQAgslAglNCcMFGYQTqLogl47KAPZuUe0iUR8hxIHYIo_p8Ab7fNug:1nqexG:6AFQP_Am_L6cTGiGELOmy8Ryw9ReVYIn5RJBLKt2Xik", "expire_date": "2022-05-30T17:56:26.805Z"}}, {"model": "sessions.session", "pk": "bcilkcn3c7lnb25ybzxj5wuvlimzgqij", "fields": {"session_data": ".eJxVjU0OwiAQhe_C2jRlaAdxpxchwwCB2NBEYGW8u2K60OV73_t5Cku9JdtreNjsxUUocfr1HPE9lAFo24Y9EfPeS5u-mQPX6fpRobTM1PJebkfrbypRTeMAGNcZEGQE43ENCNop9oRgBnNeGamjB3WWIY6gMXGByLMhjbCI1xuW7ztc:1nvRLj:aXP5r6ik5zBXdqwxTox1LPKW5zEFulFSv2DpPFszNB0", "expire_date": "2022-06-12T22:25:27.164Z"}}, {"model": "sessions.session", "pk": "gh83yps5wo5e1ym2hsxhtnacaz3cvpio", "fields": {"session_data": ".eJxVjEEOwiAQAP_C2ZCytIvr0btvIAsLUjU0Ke3J-HdD0oNeZybzVp73rfi9pdXPoi7KqtMvCxyfqXYhD673RcelbuscdE_0YZu-LZJe16P9GxRupW8h4jQAgslAglNCcMFGYQTqLogl47KAPZuUe0iUR8hxIHYIo_p8Ab7fNug:1ngSuN:n_v5M5o6BT4NrRt_j4ZXvWaOfBmvmrrjr8wD8fzJiXQ", "expire_date": "2022-05-02T15:03:19.800Z"}}, {"model": "sessions.session", "pk": "lfnga5ycni2dl126vj84fbz29ezekjue", "fields": {"session_data": ".eJxVjU0OwiAQhe_C2jQwtNTpTi9CpgOkxIaaQhON8e4W04Uu3_vez0tY2spkt-xXG50YhBanX28kvvlUAc1ztRtiXrZUmm_mwLm57MqnEplKXNL1aP1NTZSnegBsOgkGVAB0pvMG-lGzIwNY2eg0qj440GflQw0ihhYCS6TeQFtHs895v7H-cY_rUwwKJBop3x8WpkPL:1o0oxp:XirxjE0Cxb11oiDNHHH-ZRQJiMqhwj1ZBOoilIBS1Do", "expire_date": "2022-06-27T18:39:01.754Z"}}, {"model": "sessions.session", "pk": "lwvgvjpxvatwg7aihzodg0ogwfou0lvd", "fields": {"session_data": ".eJxVjU0OwiAQhe_C2jQwtNTpTi9CpgOkxIaaQhON8e4W04Uu3_vez0tY2spkt-xXG50YhBanX28kvvlUAc1ztRtiXrZUmm_mwLm57MqnEplKXNL1aP1NTZSnegBsOgkGVAB0pvMG-lGzIwNY2eg0qj440GflQw0ihhYCS6TeQFtHs895v7H-cY_rUwwKJBop3x8WpkPL:1o31mV:6C_XfkFKTn5Sc3oUoJJ6gH5w_vw8FfLzt2y79kqmYHo", "expire_date": "2022-07-03T20:44:27.663Z"}}, {"model": "sessions.session", "pk": "u1chvxwhmcgjkt3hzfi1xxal1ogb9q8h", "fields": {"session_data": ".eJxVjEEOwiAQAP_C2ZCytIvr0btvIAsLUjU0Ke3J-HdD0oNeZybzVp73rfi9pdXPoi7KqtMvCxyfqXYhD673RcelbuscdE_0YZu-LZJe16P9GxRupW8h4jQAgslAglNCcMFGYQTqLogl47KAPZuUe0iUR8hxIHYIo_p8Ab7fNug:1npGgC:FCak69cTSO63BPsYzFqe7_qITWBxcdAxXuUAuTKpUwc", "expire_date": "2022-05-26T21:49:04.961Z"}}, {"model": "sessions.session", "pk": "vapxd039g1ccta1fsejqomfdjdjqkl8x", "fields": {"session_data": ".eJxVjEEOwiAQAP_C2ZCytIvr0btvIAsLUjU0Ke3J-HdD0oNeZybzVp73rfi9pdXPoi7KqtMvCxyfqXYhD673RcelbuscdE_0YZu-LZJe16P9GxRupW8h4jQAgslAglNCcMFGYQTqLogl47KAPZuUe0iUR8hxIHYIo_p8Ab7fNug:1nixni:5LJuJ0mXsYIkCjQZdSzd5Y5l9JATBKAQMgMKXISFodY", "expire_date": "2022-05-09T12:26:46.119Z"}}, {"model": "sessions.session", "pk": "y6k26ahyzt7mv36n7wh6eeoghkqkwcas", "fields": {"session_data": ".eJxVjU0OwiAQhe_C2jQwtNTpTi9CpgOkxIaaQhON8e4W04Uu3_vez0tY2spkt-xXG50YhBanX28kvvlUAc1ztRtiXrZUmm_mwLm57MqnEplKXNL1aP1NTZSnegBsOgkGVAB0pvMG-lGzIwNY2eg0qj440GflQw0ihhYCS6TeQFtHs895v7H-cY_rUwwKJBop3x8WpkPL:1o2qxi:8wGJqzybr1l1Z6fqQqF9dobvR775AyUkCX3-mCAS5zY", "expire_date": "2022-07-03T09:11:18.524Z"}}, {"model": "sites.site", "pk": 1, "fields": {"domain": "127.0.0.1", "name": "example.com"}}, {"model": "django_apscheduler.djangojob", "pk": "delete_old_job_executions", "fields": {"next_run_time": "2022-06-26T21:00:00Z", "job_state": "gAWVdAQAAAAAAAB9lCiMB3ZlcnNpb26USwGMAmlklIwZZGVsZXRlX29sZF9qb2JfZXhlY3V0aW9uc5SMBGZ1bmOUjCpuZXdzLmFwc2NoZWR1bGVyOmRlbGV0ZV9vbGRfam9iX2V4ZWN1dGlvbnOUjAd0cmlnZ2VylIwZYXBzY2hlZHVsZXIudHJpZ2dlcnMuY3JvbpSMC0Nyb25UcmlnZ2VylJOUKYGUfZQoaAFLAowIdGltZXpvbmWUjBtweXR6X2RlcHJlY2F0aW9uX3NoaW0uX2ltcGyUjAl3cmFwX3pvbmWUk5SMCGJ1aWx0aW5zlIwHZ2V0YXR0cpSTlIwIem9uZWluZm+UjAhab25lSW5mb5STlIwJX3VucGlja2xllIaUUpSMDUV1cm9wZS9Nb3Njb3eUSwGGlFKUaBmGlFKUjApzdGFydF9kYXRllE6MCGVuZF9kYXRllE6MBmZpZWxkc5RdlCiMIGFwc2NoZWR1bGVyLnRyaWdnZXJzLmNyb24uZmllbGRzlIwJQmFzZUZpZWxklJOUKYGUfZQojARuYW1llIwEeWVhcpSMCmlzX2RlZmF1bHSUiIwLZXhwcmVzc2lvbnOUXZSMJWFwc2NoZWR1bGVyLnRyaWdnZXJzLmNyb24uZXhwcmVzc2lvbnOUjA1BbGxFeHByZXNzaW9ulJOUKYGUfZSMBHN0ZXCUTnNiYXViaCKMCk1vbnRoRmllbGSUk5QpgZR9lChoJ4wFbW9udGiUaCmIaCpdlGguKYGUfZRoMU5zYmF1YmgijA9EYXlPZk1vbnRoRmllbGSUk5QpgZR9lChoJ4wDZGF5lGgpiGgqXZRoLimBlH2UaDFOc2JhdWJoIowJV2Vla0ZpZWxklJOUKYGUfZQoaCeMBHdlZWuUaCmIaCpdlGguKYGUfZRoMU5zYmF1YmgijA5EYXlPZldlZWtGaWVsZJSTlCmBlH2UKGgnjAtkYXlfb2Zfd2Vla5RoKYloKl2UaCyMFldlZWtkYXlSYW5nZUV4cHJlc3Npb26Uk5QpgZR9lChoMU6MBWZpcnN0lEsAjARsYXN0lEsAdWJhdWJoJCmBlH2UKGgnjARob3VylGgpiWgqXZRoLIwPUmFuZ2VFeHByZXNzaW9ulJOUKYGUfZQoaDFOaFRLAGhVSwB1YmF1YmgkKYGUfZQoaCeMBm1pbnV0ZZRoKYloKl2UaFspgZR9lChoMU5oVEsAaFVLAHViYXViaCQpgZR9lChoJ4wGc2Vjb25klGgpiGgqXZRoWymBlH2UKGgxTmhUSwBoVUsAdWJhdWJljAZqaXR0ZXKUTnVijAhleGVjdXRvcpSMB2RlZmF1bHSUjARhcmdzlCmMBmt3YXJnc5R9lGgnaAOMEm1pc2ZpcmVfZ3JhY2VfdGltZZRLAYwIY29hbGVzY2WUiIwNbWF4X2luc3RhbmNlc5RLAYwNbmV4dF9ydW5fdGltZZSMCGRhdGV0aW1llIwIZGF0ZXRpbWWUk5RDCgfmBhsAAAAAAACUaB2GlFKUdS4="}}, {"model": "django_apscheduler.djangojob", "pk": "weekly_job", "fields": {"next_run_time": "2022-06-28T21:00:00Z", "job_state": "gAWVMwQAAAAAAAB9lCiMB3ZlcnNpb26USwGMAmlklIwKd2Vla2x5X2pvYpSMBGZ1bmOUjBtuZXdzLmFwc2NoZWR1bGVyOndlZWtseV9qb2KUjAd0cmlnZ2VylIwZYXBzY2hlZHVsZXIudHJpZ2dlcnMuY3JvbpSMC0Nyb25UcmlnZ2VylJOUKYGUfZQoaAFLAowIdGltZXpvbmWUjBtweXR6X2RlcHJlY2F0aW9uX3NoaW0uX2ltcGyUjAl3cmFwX3pvbmWUk5SMCGJ1aWx0aW5zlIwHZ2V0YXR0cpSTlIwIem9uZWluZm+UjAhab25lSW5mb5STlIwJX3VucGlja2xllIaUUpSMDUV1cm9wZS9Nb3Njb3eUSwGGlFKUaBmGlFKUjApzdGFydF9kYXRllE6MCGVuZF9kYXRllE6MBmZpZWxkc5RdlCiMIGFwc2NoZWR1bGVyLnRyaWdnZXJzLmNyb24uZmllbGRzlIwJQmFzZUZpZWxklJOUKYGUfZQojARuYW1llIwEeWVhcpSMCmlzX2RlZmF1bHSUiIwLZXhwcmVzc2lvbnOUXZSMJWFwc2NoZWR1bGVyLnRyaWdnZXJzLmNyb24uZXhwcmVzc2lvbnOUjA1BbGxFeHByZXNzaW9ulJOUKYGUfZSMBHN0ZXCUTnNiYXViaCKMCk1vbnRoRmllbGSUk5QpgZR9lChoJ4wFbW9udGiUaCmIaCpdlGguKYGUfZRoMU5zYmF1YmgijA9EYXlPZk1vbnRoRmllbGSUk5QpgZR9lChoJ4wDZGF5lGgpiWgqXZRoLimBlH2UaDFLB3NiYXViaCKMCVdlZWtGaWVsZJSTlCmBlH2UKGgnjAR3ZWVrlGgpiGgqXZRoLimBlH2UaDFOc2JhdWJoIowORGF5T2ZXZWVrRmllbGSUk5QpgZR9lChoJ4wLZGF5X29mX3dlZWuUaCmIaCpdlGguKYGUfZRoMU5zYmF1YmgkKYGUfZQoaCeMBGhvdXKUaCmIaCpdlGgsjA9SYW5nZUV4cHJlc3Npb26Uk5QpgZR9lChoMU6MBWZpcnN0lEsAjARsYXN0lEsAdWJhdWJoJCmBlH2UKGgnjAZtaW51dGWUaCmIaCpdlGhXKYGUfZQoaDFOaFpLAGhbSwB1YmF1YmgkKYGUfZQoaCeMBnNlY29uZJRoKYhoKl2UaFcpgZR9lChoMU5oWksAaFtLAHViYXViZYwGaml0dGVylE51YowIZXhlY3V0b3KUjAdkZWZhdWx0lIwEYXJnc5QpjAZrd2FyZ3OUfZRoJ2gDjBJtaXNmaXJlX2dyYWNlX3RpbWWUSwGMCGNvYWxlc2NllIiMDW1heF9pbnN0YW5jZXOUSwGMDW5leHRfcnVuX3RpbWWUjAhkYXRldGltZZSMCGRhdGV0aW1llJOUQwoH5gYdAAAAAAAAlGgdhpRSlHUu"}}, {"model": "django_apscheduler.djangojobexecution", "pk": 103, "fields": {"job": "weekly_job", "status": "Executed", "run_time": "2022-06-02T11:36:00Z", "duration": "0.26", "finished": "1654169760.26", "exception": null, "traceback": null}}, {"model": "django_apscheduler.djangojobexecution", "pk": 104, "fields": {"job": "weekly_job", "status": "Executed", "run_time": "2022-06-02T11:38:30Z", "duration": "0.10", "finished": "1654169910.10", "exception": null, "traceback": null}}, {"model": "django_apscheduler.djangojobexecution", "pk": 105, "fields": {"job": "weekly_job", "status": "Executed", "run_time": "2022-06-02T11:39:00Z", "duration": "0.24", "finished": "1654169940.24", "exception": null, "traceback": null}}, {"model": "django_apscheduler.djangojobexecution", "pk": 106, "fields": {"job": "weekly_job", "status": "Executed", "run_time": "2022-06-02T11:43:00Z", "duration": "0.11", "finished": "1654170180.11", "exception": null, "traceback": null}}, {"model": "django_apscheduler.djangojobexecution", "pk": 107, "fields": {"job": "weekly_job", "status": "Executed", "run_time": "2022-06-02T11:48:00Z", "duration": "1.36", "finished": "1654170481.36", "exception": null, "traceback": null}}, {"model": "django_apscheduler.djangojobexecution", "pk": 108, "fields": {"job": "weekly_job", "status": "Executed", "run_time": "2022-06-02T11:48:30Z", "duration": "1.87", "finished": "1654170511.87", "exception": null, "traceback": null}}, {"model": "django_apscheduler.djangojobexecution", "pk": 109, "fields": {"job": "weekly_job", "status": "Executed", "run_time": "2022-06-02T11:49:00Z", "duration": "1.31", "finished": "1654170541.31", "exception": null, "traceback": null}}, {"model": "account.emailaddress", "pk": 1, "fields": {"user": 6, "email": "romabykov@gmail.com", "verified": true, "primary": true}}, {"model": "account.emailaddress", "pk": 6, "fields": {"user": 3, "email": "roma-bykov@rambler.ru", "verified": true, "primary": true}}, {"model": "account.emailaddress", "pk": 7, "fields": {"user": 15, "email": "roma-bykov@yandex.ru", "verified": true, "primary": true}}, {"model": "socialaccount.socialapp", "pk": 1, "fields": {"provider": "google", "name": "NewsPaper", "client_id": "226056492474-l2tte3hcsvk11eec61j8ldagvtjnjvn8.apps.googleusercontent.com", "secret": "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", "key": "", "sites": [1]}}, {"model": "socialaccount.socialaccount", "pk": 1, "fields": {"user": 6, "provider": "google", "uid": "101200064353100825297", "last_login": "2022-05-18T18:46:21.812Z", "date_joined": "2022-05-16T19:11:27.528Z", "extra_data": "{\"id\": \"101200064353100825297\", \"email\": \"romabykov@gmail.com\", \"verified_email\": true, \"name\": \"Roman Bykov\", \"given_name\": \"Roman\", \"family_name\": \"Bykov\", \"picture\": \"https://lh3.googleusercontent.com/a-/AOh14Gg6CG_wxuPvzzrWR6zEAVApV3c1ugOPB--QtohOOg=s96-c\", \"locale\": \"ru\"}"}}, {"model": "news.author", "pk": 1, "fields": {"rating": 44, "user": 1}}, {"model": "news.author", "pk": 2, "fields": {"rating": 34, "user": 2}}, {"model": "news.author", "pk": 5, "fields": {"rating": 0, "user": 3}}, {"model": "news.category", "pk": 1, "fields": {"cat_name": "Sport"}}, {"model": "news.category", "pk": 2, "fields": {"cat_name": "Politics"}}, {"model": "news.category", "pk": 3, "fields": {"cat_name": "Auto"}}, {"model": "news.category", "pk": 4, "fields": {"cat_name": "Art"}}, {"model": "news.categorysubscribers", "pk": 2, "fields": {"subscriber_thru": 6, "category_thru": 1}}, {"model": "news.categorysubscribers", "pk": 3, "fields": {"subscriber_thru": 6, "category_thru": 3}}, {"model": "news.categorysubscribers", "pk": 4, "fields": {"subscriber_thru": 6, "category_thru": 4}}, {"model": "news.categorysubscribers", "pk": 15, "fields": {"subscriber_thru": 3, "category_thru": 1}}, {"model": "news.categorysubscribers", "pk": 16, "fields": {"subscriber_thru": 3, "category_thru": 3}}, {"model": "news.categorysubscribers", "pk": 17, "fields": {"subscriber_thru": 3, "category_thru": 2}}, {"model": "news.categorysubscribers", "pk": 18, "fields": {"subscriber_thru": 3, "category_thru": 4}}, {"model": "news.authorsubscribers", "pk": 5, "fields": {"subscriber_thru": 6, "author_thru": 2}}, {"model": "news.authorsubscribers", "pk": 13, "fields": {"subscriber_thru": 3, "author_thru": 5}}, {"model": "news.post", "pk": 1, "fields": {"type": "AR", "time_pub": "2022-04-18T14:57:42.471Z", "title": "This is Title One", "body": "This is the body of article post1, it is about sport and automobiles.\r\nAutomobiles are used in sports a lot.", "rating": 14, "author": 1, "isUpdated": false}}, {"model": "news.post", "pk": 2, "fields": {"type": "AR", "time_pub": "2022-04-18T14:57:42.482Z", "title": "This is Title Two", "body": "This is the body of article post2, it is about art.\r\nHow awesome it is to look at a good piece of art!", "rating": 0, "author": 1, "isUpdated": false}}, {"model": "news.post", "pk": 3, "fields": {"type": "NW", "time_pub": "2022-04-18T14:57:43.557Z", "title": "This is Title Three", "body": "This is the body of news post3, it is about the stupid haircut of Boris Johnson.", "rating": 8, "author": 2, "isUpdated": false}}, {"model": "news.post", "pk": 4, "fields": {"type": "NW", "time_pub": "2022-04-27T18:45:11.143Z", "title": "Title Four", "body": "This is another post about dementia of Joe Biden.", "rating": 0, "author": 2, "isUpdated": false}}, {"model": "news.post", "pk": 5, "fields": {"type": "NW", "time_pub": "2022-05-26T18:50:47.791Z", "title": "Title Five", "body": "This is a super-interesting article on sport.", "rating": 0, "author": 1, "isUpdated": false}}, {"model": "news.post", "pk": 6, "fields": {"type": "NW", "time_pub": "2022-04-28T19:51:28.984Z", "title": "Title Six", "body": "We face the idiotic behavior of all politicians. Welcome to Hell, guys!", "rating": 0, "author": 2, "isUpdated": false}}, {"model": "news.post", "pk": 7, "fields": {"type": "NW", "time_pub": "2022-05-03T19:14:23.200Z", "title": "Title Seven", "body": "This is the body of another post about automobiles.", "rating": 0, "author": 1, "isUpdated": false}}, {"model": "news.post", "pk": 8, "fields": {"type": "AR", "time_pub": "2022-05-03T19:15:31.473Z", "title": "Title Eight", "body": "Another short post about art in the big city I visited a year ago.", "rating": 0, "author": 2, "isUpdated": false}}, {"model": "news.post", "pk": 86, "fields": {"type": "NW", "time_pub": "2022-06-08T11:28:45.376Z", "title": "111111111", "body": "1111111111111111111111111111111111111111111111111111111111111", "rating": 0, "author": 5, "isUpdated": false}}, {"model": "news.post", "pk": 87, "fields": {"type": "NW", "time_pub": "2022-06-08T11:37:19.254Z", "title": "2222222", "body": "222222222222222222222222222222222222222222", "rating": 0, "author": 5, "isUpdated": false}}, {"model": "news.post", "pk": 88, "fields": {"type": "NW", "time_pub": "2022-06-08T11:40:26.836Z", "title": "3333", "body": "updated twice 33333333333333333333333333333333333333333333333333", "rating": 0, "author": 5, "isUpdated": false}}, {"model": "news.comment", "pk": 1, "fields": {"body": "This is comment 1 by user1 to post 1", "time_pub": "2022-04-18T14:57:58.986Z", "rating": 2, "post": 1, "user": 1}}, {"model": "news.comment", "pk": 2, "fields": {"body": "This is comment 1 by user2 to post 1", "time_pub": "2022-04-18T14:57:58.999Z", "rating": 1, "post": 1, "user": 2}}, {"model": "news.comment", "pk": 3, "fields": {"body": "This is comment 1 by user1 to post 2", "time_pub": "2022-04-18T14:57:59.004Z", "rating": -2, "post": 2, "user": 1}}, {"model": "news.comment", "pk": 4, "fields": {"body": "This is comment 1 by user2 to post 2", "time_pub": "2022-04-18T14:57:59.008Z", "rating": 0, "post": 2, "user": 2}}, {"model": "news.comment", "pk": 5, "fields": {"body": "This is comment 1 by user1 to post 3", "time_pub": "2022-04-18T14:57:59.012Z", "rating": 0, "post": 3, "user": 1}}, {"model": "news.comment", "pk": 6, "fields": {"body": "This is comment 1 by user2 to post 3", "time_pub": "2022-04-18T14:57:59.017Z", "rating": 1, "post": 3, "user": 2}}, {"model": "news.comment", "pk": 7, "fields": {"body": "This is comment 2 by user1 to post 1", "time_pub": "2022-04-18T14:57:59.021Z", "rating": 1, "post": 1, "user": 1}}, {"model": "news.comment", "pk": 8, "fields": {"body": "This is comment 2 by user2 to post 1", "time_pub": "2022-04-18T14:57:59.025Z", "rating": 1, "post": 1, "user": 2}}, {"model": "news.comment", "pk": 9, "fields": {"body": "This is comment 2 by user1 to post 2", "time_pub": "2022-04-18T14:57:59.030Z", "rating": 1, "post": 2, "user": 1}}, {"model": "news.comment", "pk": 10, "fields": {"body": "This is comment 2 by user2 to post 2", "time_pub": "2022-04-18T14:57:59.034Z", "rating": 1, "post": 2, "user": 2}}, {"model": "news.comment", "pk": 11, "fields": {"body": "This is comment 2 by user1 to post 3", "time_pub": "2022-04-18T14:57:59.038Z", "rating": -1, "post": 3, "user": 1}}, {"model": "news.comment", "pk": 12, "fields": {"body": "This is comment 2 by user2 to post 3", "time_pub": "2022-04-18T14:57:59.042Z", "rating": 1, "post": 3, "user": 2}}, {"model": "news.comment", "pk": 13, "fields": {"body": "This is comment 1 by user1 to post 1", "time_pub": "2022-04-24T13:12:51.129Z", "rating": 2, "post": 1, "user": 1}}, {"model": "news.comment", "pk": 14, "fields": {"body": "This is comment 1 by user2 to post 1", "time_pub": "2022-04-24T13:12:51.145Z", "rating": 1, "post": 1, "user": 2}}, {"model": "news.comment", "pk": 15, "fields": {"body": "This is comment 1 by user1 to post 2", "time_pub": "2022-04-24T13:12:51.150Z", "rating": -2, "post": 2, "user": 1}}, {"model": "news.comment", "pk": 16, "fields": {"body": "This is comment 1 by user2 to post 2", "time_pub": "2022-04-24T13:12:51.155Z", "rating": 0, "post": 2, "user": 2}}, {"model": "news.comment", "pk": 17, "fields": {"body": "This is comment 1 by user1 to post 3", "time_pub": "2022-04-24T13:12:51.160Z", "rating": 0, "post": 3, "user": 1}}, {"model": "news.comment", "pk": 18, "fields": {"body": "This is comment 1 by user2 to post 3", "time_pub": "2022-04-24T13:12:51.164Z", "rating": 1, "post": 3, "user": 2}}, {"model": "news.comment", "pk": 19, "fields": {"body": "This is comment 2 by user1 to post 1", "time_pub": "2022-04-24T13:12:51.168Z", "rating": 1, "post": 1, "user": 1}}, {"model": "news.comment", "pk": 20, "fields": {"body": "This is comment 2 by user2 to post 1", "time_pub": "2022-04-24T13:12:51.172Z", "rating": 1, "post": 1, "user": 2}}, {"model": "news.comment", "pk": 21, "fields": {"body": "This is comment 2 by user1 to post 2", "time_pub": "2022-04-24T13:12:51.178Z", "rating": 1, "post": 2, "user": 1}}, {"model": "news.comment", "pk": 22, "fields": {"body": "This is comment 2 by user2 to post 2", "time_pub": "2022-04-24T13:12:51.182Z", "rating": 1, "post": 2, "user": 2}}, {"model": "news.comment", "pk": 23, "fields": {"body": "This is comment 2 by user1 to post 3", "time_pub": "2022-04-24T13:12:51.187Z", "rating": -1, "post": 3, "user": 1}}, {"model": "news.comment", "pk": 24, "fields": {"body": "This is comment 2 by user2 to post 3", "time_pub": "2022-04-24T13:12:51.835Z", "rating": 1, "post": 3, "user": 2}}, {"model": "news.postcategory", "pk": 1, "fields": {"post_thru": 1, "cat_thru": 1}}, {"model": "news.postcategory", "pk": 2, "fields": {"post_thru": 1, "cat_thru": 3}}, {"model": "news.postcategory", "pk": 3, "fields": {"post_thru": 2, "cat_thru": 4}}, {"model": "news.postcategory", "pk": 4, "fields": {"post_thru": 3, "cat_thru": 2}}, {"model": "news.postcategory", "pk": 5, "fields": {"post_thru": 4, "cat_thru": 2}}, {"model": "news.postcategory", "pk": 7, "fields": {"post_thru": 6, "cat_thru": 2}}, {"model": "news.postcategory", "pk": 8, "fields": {"post_thru": 7, "cat_thru": 3}}, {"model": "news.postcategory", "pk": 9, "fields": {"post_thru": 8, "cat_thru": 4}}, {"model": "news.postcategory", "pk": 10, "fields": {"post_thru": 5, "cat_thru": 1}}, {"model": "news.postcategory", "pk": 202, "fields": {"post_thru": 86, "cat_thru": 1}}, {"model": "news.postcategory", "pk": 203, "fields": {"post_thru": 86, "cat_thru": 2}}, {"model": "news.postcategory", "pk": 204, "fields": {"post_thru": 86, "cat_thru": 3}}, {"model": "news.postcategory", "pk": 205, "fields": {"post_thru": 86, "cat_thru": 4}}, {"model": "news.postcategory", "pk": 206, "fields": {"post_thru": 87, "cat_thru": 1}}, {"model": "news.postcategory", "pk": 207, "fields": {"post_thru": 87, "cat_thru": 2}}, {"model": "news.postcategory", "pk": 208, "fields": {"post_thru": 87, "cat_thru": 3}}, {"model": "news.postcategory", "pk": 209, "fields": {"post_thru": 87, "cat_thru": 4}}, {"model": "news.postcategory", "pk": 210, "fields": {"post_thru": 88, "cat_thru": 1}}, {"model": "news.postcategory", "pk": 211, "fields": {"post_thru": 88, "cat_thru": 2}}, {"model": "news.postcategory", "pk": 212, "fields": {"post_thru": 88, "cat_thru": 3}}, {"model": "news.postcategory", "pk": 213, "fields": {"post_thru": 88, "cat_thru": 4}}]